id,book,unit_index,lesson_no,unit_title,lesson_title_en,audio_url,lrc_url,audio_85_url,lrc_85_url,video_collection_embed,video_collection_watch,video_lesson_embed,video_lesson_watch,video_note
1,NCE1,1,001-002,001&002.Excuse Me,Excuse Me,https://nce.mleo.site/NCE1/001%26002.Excuse%20Me.mp3,https://nce.mleo.site/NCE1/001%26002.Excuse%20Me.lrc,https://85.mleo.site/NCE1/NCE1%281985%20British%20accent%29_001.mp3,https://85.mleo.site/NCE1/NCE1%281985%20British%20accent%29_001.lrc,https://player.bilibili.com/player.html?bvid=BV1xa411J7jJ&high_quality=1&autoplay=0,https://www.bilibili.com/video/BV1xa411J7jJ/,,,官方合集共199P; 按课号分P定位(如 '001 单词/语法/文章')
2,NCE1,2,003-004,"003&004.Sorry, Sir","Sorry, Sir",https://nce.mleo.site/NCE1/003%26004.Sorry%2C%20Sir.mp3,https://nce.mleo.site/NCE1/003%26004.Sorry%2C%20Sir.lrc,,,https://player.bilibili.com/player.html?bvid=BV1xa411J7jJ&high_quality=1&autoplay=0,https://www.bilibili.com/video/BV1xa411J7jJ/,,,官方合集共199P; 按课号分P定位(如 '003 单词/语法/文章')
3,NCE1,3,005-006,005&006.Nice to Meet You,Nice to Meet You,https://nce.mleo.site/NCE1/005%26006.Nice%20to%20Meet%20You.mp3,https://nce.mleo.site/NCE1/005%26006.Nice%20to%20Meet%20You.lrc,https://85.mleo.site/NCE1/NCE1%281985%20British%20accent%29_003.mp3,https://85.mleo.site/NCE1/NCE1%281985%20British%20accent%29_003.lrc,https://player.bilibili.com/player.html?bvid=BV1xa411J7jJ&high_quality=1&autoplay=0,https://www.bilibili.com/video/BV1xa411J7jJ/,,,官方合集共199P; 按课号分P定位(如 '005 单词/语法/文章')
4,NCE1,4,007-008,007&008.Are You a Teacher,Are You a Teacher,https://nce.mleo.site/NCE1/007%26008.Are%20You%20a%20Teacher.mp3,https://nce.mleo.site/NCE1/007%26008.Are%20You%20a%20Teacher.lrc,,,https://player.bilibili.com/player.html?bvid=BV1xa411J7jJ&high_quality=1&autoplay=0,https://www.bilibili.com/video/BV1xa411J7jJ/,,,官方合集共199P; 按课号分P定位(如 '007 单词/语法/文章')
5,NCE1,5,009-010,009&010.How Are You Today,How Are You Today,https://nce.mleo.site/NCE1/009%26010.How%20Are%20You%20Today.mp3,https://nce.mleo.site/NCE1/009%26010.How%20Are%20You%20Today.lrc,https://85.mleo.site/NCE1/NCE1%281985%20British%20accent%29_005.mp3,https://85.mleo.site/NCE1/NCE1%281985%20British%20accent%29_005.lrc,https://player.bilibili.com/player.html?bvid=BV1xa411J7jJ&high_quality=1&autoplay=0,https://www.bilibili.com/video/BV1xa411J7jJ/,,,官方合集共199P; 按课号分P定位(如 '009 单词/语法/文章')
6,NCE1,6,011-012,011&012.Is This Your Shirt,Is This Your Shirt,https://nce.mleo.site/NCE1/011%26012.Is%20This%20Your%20Shirt.mp3,https://nce.mleo.site/NCE1/011%26012.Is%20This%20Your%20Shirt.lrc,,,https://player.bilibili.com/player.html?bvid=BV1xa411J7jJ&high_quality=1&autoplay=0,https://www.bilibili.com/video/BV1xa411J7jJ/,,,官方合集共199P; 按课号分P定位(如 '011 单词/语法/文章')
7,NCE1,7,013-014,013&014.A New Dress,A New Dress,https://nce.mleo.site/NCE1/013%26014.A%20New%20Dress.mp3,https://nce.mleo.site/NCE1/013%26014.A%20New%20Dress.lrc,https://85.mleo.site/NCE1/NCE1%281985%20British%20accent%29_007.mp3,https://85.mleo.site/NCE1/NCE1%281985%20British%20accent%29_007.lrc,https://player.bilibili.com/player.html?bvid=BV1xa411J7jJ&high_quality=1&autoplay=0,https://www.bilibili.com/video/BV1xa411J7jJ/,,,官方合集共199P; 按课号分P定位(如 '013 单词/语法/文章')
8,NCE1,8,015-016,"015&016.Your Passports, Please","Your Passports, Please",https://nce.mleo.site/NCE1/015%26016.Your%20Passports%2C%20Please.mp3,https://nce.mleo.site/NCE1/015%26016.Your%20Passports%2C%20Please.lrc,,,https://player.bilibili.com/player.html?bvid=BV1xa411J7jJ&high_quality=1&autoplay=0,https://www.bilibili.com/video/BV1xa411J7jJ/,,,官方合集共199P; 按课号分P定位(如 '015 单词/语法/文章')
9,NCE1,9,017-018,017&018.How do you do,How do you do,https://nce.mleo.site/NCE1/017%26018.How%20do%20you%20do.mp3,https://nce.mleo.site/NCE1/017%26018.How%20do%20you%20do.lrc,https://85.mleo.site/NCE1/NCE1%281985%20British%20accent%29_009.mp3,https://85.mleo.site/NCE1/NCE1%281985%20British%20accent%29_009.lrc,https://player.bilibili.com/player.html?bvid=BV1xa411J7jJ&high_quality=1&autoplay=0,https://www.bilibili.com/video/BV1xa411J7jJ/,,,官方合集共199P; 按课号分P定位(如 '017 单词/语法/文章')
10,NCE1,10,019-020,019&020.Tired and Thirsty,Tired and Thirsty,https://nce.mleo.site/NCE1/019%26020.Tired%20and%20Thirsty.mp3,https://nce.mleo.site/NCE1/019%26020.Tired%20and%20Thirsty.lrc,,,https://player.bilibili.com/player.html?bvid=BV1xa411J7jJ&high_quality=1&autoplay=0,https://www.bilibili.com/video/BV1xa411J7jJ/,,,官方合集共199P; 按课号分P定位(如 '019 单词/语法/文章')
11,NCE1,11,021-022,021&022.Which Book,Which Book,https://nce.mleo.site/NCE1/021%26022.Which%20Book.mp3,https://nce.mleo.site/NCE1/021%26022.Which%20Book.lrc,https://85.mleo.site/NCE1/NCE1%281985%20British%20accent%29_011.mp3,https://85.mleo.site/NCE1/NCE1%281985%20British%20accent%29_011.lrc,https://player.bilibili.com/player.html?bvid=BV1xa411J7jJ&high_quality=1&autoplay=0,https://www.bilibili.com/video/BV1xa411J7jJ/,,,官方合集共199P; 按课号分P定位(如 '021 单词/语法/文章')
12,NCE1,12,023-024,023&024.Which Glasses,Which Glasses,https://nce.mleo.site/NCE1/023%26024.Which%20Glasses.mp3,https://nce.mleo.site/NCE1/023%26024.Which%20Glasses.lrc,,,https://player.bilibili.com/player.html?bvid=BV1xa411J7jJ&high_quality=1&autoplay=0,https://www.bilibili.com/video/BV1xa411J7jJ/,,,官方合集共199P; 按课号分P定位(如 '023 单词/语法/文章')
13,NCE1,13,025-026,025&026.Mrs. Smith's Kitchen,Mrs. Smith's Kitchen,https://nce.mleo.site/NCE1/025%26026.Mrs.%20Smith%27s%20Kitchen.mp3,https://nce.mleo.site/NCE1/025%26026.Mrs.%20Smith%27s%20Kitchen.lrc,https://85.mleo.site/NCE1/NCE1%281985%20British%20accent%29_013.mp3,https://85.mleo.site/NCE1/NCE1%281985%20British%20accent%29_013.lrc,https://player.bilibili.com/player.html?bvid=BV1xa411J7jJ&high_quality=1&autoplay=0,https://www.bilibili.com/video/BV1xa411J7jJ/,,,官方合集共199P; 按课号分P定位(如 '025 单词/语法/文章')
14,NCE1,14,027-028,027&028.Mrs. Smith's Living Room,Mrs. Smith's Living Room,https://nce.mleo.site/NCE1/027%26028.Mrs.%20Smith%27s%20Living%20Room.mp3,https://nce.mleo.site/NCE1/027%26028.Mrs.%20Smith%27s%20Living%20Room.lrc,,,https://player.bilibili.com/player.html?bvid=BV1xa411J7jJ&high_quality=1&autoplay=0,https://www.bilibili.com/video/BV1xa411J7jJ/,,,官方合集共199P; 按课号分P定位(如 '027 单词/语法/文章')
15,NCE1,15,029-030,"029&030.Come In, Amy","Come In, Amy",https://nce.mleo.site/NCE1/029%26030.Come%20In%2C%20Amy.mp3,https://nce.mleo.site/NCE1/029%26030.Come%20In%2C%20Amy.lrc,https://85.mleo.site/NCE1/NCE1%281985%20British%20accent%29_015.mp3,https://85.mleo.site/NCE1/NCE1%281985%20British%20accent%29_015.lrc,https://player.bilibili.com/player.html?bvid=BV1xa411J7jJ&high_quality=1&autoplay=0,https://www.bilibili.com/video/BV1xa411J7jJ/,,,官方合集共199P; 按课号分P定位(如 '029 单词/语法/文章')
16,NCE1,16,031-032,031&032.Where's Sally,Where's Sally,https://nce.mleo.site/NCE1/031%26032.Where%27s%20Sally.mp3,https://nce.mleo.site/NCE1/031%26032.Where%27s%20Sally.lrc,,,https://player.bilibili.com/player.html?bvid=BV1xa411J7jJ&high_quality=1&autoplay=0,https://www.bilibili.com/video/BV1xa411J7jJ/,,,官方合集共199P; 按课号分P定位(如 '031 单词/语法/文章')
17,NCE1,17,033-034,033&034.A Fine Day,A Fine Day,https://nce.mleo.site/NCE1/033%26034.A%20Fine%20Day.mp3,https://nce.mleo.site/NCE1/033%26034.A%20Fine%20Day.lrc,https://85.mleo.site/NCE1/NCE1%281985%20British%20accent%29_017.mp3,https://85.mleo.site/NCE1/NCE1%281985%20British%20accent%29_017.lrc,https://player.bilibili.com/player.html?bvid=BV1xa411J7jJ&high_quality=1&autoplay=0,https://www.bilibili.com/video/BV1xa411J7jJ/,,,官方合集共199P; 按课号分P定位(如 '033 单词/语法/文章')
18,NCE1,18,035-036,035&036.Our Village,Our Village,https://nce.mleo.site/NCE1/035%26036.Our%20Village.mp3,https://nce.mleo.site/NCE1/035%26036.Our%20Village.lrc,,,https://player.bilibili.com/player.html?bvid=BV1xa411J7jJ&high_quality=1&autoplay=0,https://www.bilibili.com/video/BV1xa411J7jJ/,,,官方合集共199P; 按课号分P定位(如 '035 单词/语法/文章')
19,NCE1,19,037-038,037&038.Making a Bookcase,Making a Bookcase,https://nce.mleo.site/NCE1/037%26038.Making%20a%20Bookcase.mp3,https://nce.mleo.site/NCE1/037%26038.Making%20a%20Bookcase.lrc,https://85.mleo.site/NCE1/NCE1%281985%20British%20accent%29_019.mp3,https://85.mleo.site/NCE1/NCE1%281985%20British%20accent%29_019.lrc,https://player.bilibili.com/player.html?bvid=BV1xa411J7jJ&high_quality=1&autoplay=0,https://www.bilibili.com/video/BV1xa411J7jJ/,,,官方合集共199P; 按课号分P定位(如 '037 单词/语法/文章')
20,NCE1,20,039-040,039&040.Don't Drop It,Don't Drop It,https://nce.mleo.site/NCE1/039%26040.Don%27t%20Drop%20It.mp3,https://nce.mleo.site/NCE1/039%26040.Don%27t%20Drop%20It.lrc,,,https://player.bilibili.com/player.html?bvid=BV1xa411J7jJ&high_quality=1&autoplay=0,https://www.bilibili.com/video/BV1xa411J7jJ/,,,官方合集共199P; 按课号分P定位(如 '039 单词/语法/文章')
21,NCE1,21,041-042,041&042.Penny's Bag,Penny's Bag,https://nce.mleo.site/NCE1/041%26042.Penny%27s%20Bag.mp3,https://nce.mleo.site/NCE1/041%26042.Penny%27s%20Bag.lrc,https://85.mleo.site/NCE1/NCE1%281985%20British%20accent%29_021.mp3,https://85.mleo.site/NCE1/NCE1%281985%20British%20accent%29_021.lrc,https://player.bilibili.com/player.html?bvid=BV1xa411J7jJ&high_quality=1&autoplay=0,https://www.bilibili.com/video/BV1xa411J7jJ/,,,官方合集共199P; 按课号分P定位(如 '041 单词/语法/文章')
22,NCE1,22,043-044,043&044.Hurry Up,Hurry Up,https://nce.mleo.site/NCE1/043%26044.Hurry%20Up.mp3,https://nce.mleo.site/NCE1/043%26044.Hurry%20Up.lrc,,,https://player.bilibili.com/player.html?bvid=BV1xa411J7jJ&high_quality=1&autoplay=0,https://www.bilibili.com/video/BV1xa411J7jJ/,,,官方合集共199P; 按课号分P定位(如 '043 单词/语法/文章')
23,NCE1,23,045-046,045&046.The Boss's Letter,The Boss's Letter,https://nce.mleo.site/NCE1/045%26046.The%20Boss%27s%20Letter.mp3,https://nce.mleo.site/NCE1/045%26046.The%20Boss%27s%20Letter.lrc,https://85.mleo.site/NCE1/NCE1%281985%20British%20accent%29_023.mp3,https://85.mleo.site/NCE1/NCE1%281985%20British%20accent%29_023.lrc,https://player.bilibili.com/player.html?bvid=BV1xa411J7jJ&high_quality=1&autoplay=0,https://www.bilibili.com/video/BV1xa411J7jJ/,,,官方合集共199P; 按课号分P定位(如 '045 单词/语法/文章')
24,NCE1,24,047-048,047&048.A Cup of Coffee,A Cup of Coffee,https://nce.mleo.site/NCE1/047%26048.A%20Cup%20of%20Coffee.mp3,https://nce.mleo.site/NCE1/047%26048.A%20Cup%20of%20Coffee.lrc,,,https://player.bilibili.com/player.html?bvid=BV1xa411J7jJ&high_quality=1&autoplay=0,https://www.bilibili.com/video/BV1xa411J7jJ/,,,官方合集共199P; 按课号分P定位(如 '047 单词/语法/文章')
25,NCE1,25,049-050,049&050.At the Butcher's,At the Butcher's,https://nce.mleo.site/NCE1/049%26050.At%20the%20Butcher%27s.mp3,https://nce.mleo.site/NCE1/049%26050.At%20the%20Butcher%27s.lrc,https://85.mleo.site/NCE1/NCE1%281985%20British%20accent%29_025.mp3,https://85.mleo.site/NCE1/NCE1%281985%20British%20accent%29_025.lrc,https://player.bilibili.com/player.html?bvid=BV1xa411J7jJ&high_quality=1&autoplay=0,https://www.bilibili.com/video/BV1xa411J7jJ/,,,官方合集共199P; 按课号分P定位(如 '049 单词/语法/文章')
26,NCE1,26,051-052,051&052.A Pleasant Climate,A Pleasant Climate,https://nce.mleo.site/NCE1/051%26052.A%20Pleasant%20Climate.mp3,https://nce.mleo.site/NCE1/051%26052.A%20Pleasant%20Climate.lrc,,,https://player.bilibili.com/player.html?bvid=BV1xa411J7jJ&high_quality=1&autoplay=0,https://www.bilibili.com/video/BV1xa411J7jJ/,,,官方合集共199P; 按课号分P定位(如 '051 单词/语法/文章')
27,NCE1,27,053-054,053&054.An Interesting Climate,An Interesting Climate,https://nce.mleo.site/NCE1/053%26054.An%20Interesting%20Climate.mp3,https://nce.mleo.site/NCE1/053%26054.An%20Interesting%20Climate.lrc,https://85.mleo.site/NCE1/NCE1%281985%20British%20accent%29_027.mp3,https://85.mleo.site/NCE1/NCE1%281985%20British%20accent%29_027.lrc,https://player.bilibili.com/player.html?bvid=BV1xa411J7jJ&high_quality=1&autoplay=0,https://www.bilibili.com/video/BV1xa411J7jJ/,,,官方合集共199P; 按课号分P定位(如 '053 单词/语法/文章')
28,NCE1,28,055-056,055&056.The Sawyer Family,The Sawyer Family,https://nce.mleo.site/NCE1/055%26056.The%20Sawyer%20Family.mp3,https://nce.mleo.site/NCE1/055%26056.The%20Sawyer%20Family.lrc,,,https://player.bilibili.com/player.html?bvid=BV1xa411J7jJ&high_quality=1&autoplay=0,https://www.bilibili.com/video/BV1xa411J7jJ/,,,官方合集共199P; 按课号分P定位(如 '055 单词/语法/文章')
29,NCE1,29,057-058,057&058.An Unusual Day,An Unusual Day,https://nce.mleo.site/NCE1/057%26058.An%20Unusual%20Day.mp3,https://nce.mleo.site/NCE1/057%26058.An%20Unusual%20Day.lrc,https://85.mleo.site/NCE1/NCE1%281985%20British%20accent%29_029.mp3,https://85.mleo.site/NCE1/NCE1%281985%20British%20accent%29_029.lrc,https://player.bilibili.com/player.html?bvid=BV1xa411J7jJ&high_quality=1&autoplay=0,https://www.bilibili.com/video/BV1xa411J7jJ/,,,官方合集共199P; 按课号分P定位(如 '057 单词/语法/文章')
30,NCE1,30,059-060,059&060.Is That All,Is That All,https://nce.mleo.site/NCE1/059%26060.Is%20That%20All.mp3,https://nce.mleo.site/NCE1/059%26060.Is%20That%20All.lrc,,,https://player.bilibili.com/player.html?bvid=BV1xa411J7jJ&high_quality=1&autoplay=0,https://www.bilibili.com/video/BV1xa411J7jJ/,,,官方合集共199P; 按课号分P定位(如 '059 单词/语法/文章')
31,NCE1,31,061-062,061&062.A Bad Cold,A Bad Cold,https://nce.mleo.site/NCE1/061%26062.A%20Bad%20Cold.mp3,https://nce.mleo.site/NCE1/061%26062.A%20Bad%20Cold.lrc,https://85.mleo.site/NCE1/NCE1%281985%20British%20accent%29_031.mp3,https://85.mleo.site/NCE1/NCE1%281985%20British%20accent%29_031.lrc,https://player.bilibili.com/player.html?bvid=BV1xa411J7jJ&high_quality=1&autoplay=0,https://www.bilibili.com/video/BV1xa411J7jJ/,,,官方合集共199P; 按课号分P定位(如 '061 单词/语法/文章')
32,NCE1,32,063-064,"063&064.Thank You, Doctor","Thank You, Doctor",https://nce.mleo.site/NCE1/063%26064.Thank%20You%2C%20Doctor.mp3,https://nce.mleo.site/NCE1/063%26064.Thank%20You%2C%20Doctor.lrc,,,https://player.bilibili.com/player.html?bvid=BV1xa411J7jJ&high_quality=1&autoplay=0,https://www.bilibili.com/video/BV1xa411J7jJ/,,,官方合集共199P; 按课号分P定位(如 '063 单词/语法/文章')
33,NCE1,33,065-066,065&066.Not a Baby,Not a Baby,https://nce.mleo.site/NCE1/065%26066.Not%20a%20Baby.mp3,https://nce.mleo.site/NCE1/065%26066.Not%20a%20Baby.lrc,https://85.mleo.site/NCE1/NCE1%281985%20British%20accent%29_033.mp3,https://85.mleo.site/NCE1/NCE1%281985%20British%20accent%29_033.lrc,https://player.bilibili.com/player.html?bvid=BV1xa411J7jJ&high_quality=1&autoplay=0,https://www.bilibili.com/video/BV1xa411J7jJ/,,,官方合集共199P; 按课号分P定位(如 '065 单词/语法/文章')
34,NCE1,34,067-068,067&068.The Weekend,The Weekend,https://nce.mleo.site/NCE1/067%26068.The%20Weekend.mp3,https://nce.mleo.site/NCE1/067%26068.The%20Weekend.lrc,,,https://player.bilibili.com/player.html?bvid=BV1xa411J7jJ&high_quality=1&autoplay=0,https://www.bilibili.com/video/BV1xa411J7jJ/,,,官方合集共199P; 按课号分P定位(如 '067 单词/语法/文章')
35,NCE1,35,069-070,069&070.The Car Race,The Car Race,https://nce.mleo.site/NCE1/069%26070.The%20Car%20Race.mp3,https://nce.mleo.site/NCE1/069%26070.The%20Car%20Race.lrc,https://85.mleo.site/NCE1/NCE1%281985%20British%20accent%29_035.mp3,https://85.mleo.site/NCE1/NCE1%281985%20British%20accent%29_035.lrc,https://player.bilibili.com/player.html?bvid=BV1xa411J7jJ&high_quality=1&autoplay=0,https://www.bilibili.com/video/BV1xa411J7jJ/,,,官方合集共199P; 按课号分P定位(如 '069 单词/语法/文章')
36,NCE1,36,071-072,071&072.He's Awful,He's Awful,https://nce.mleo.site/NCE1/071%26072.He%27s%20Awful.mp3,https://nce.mleo.site/NCE1/071%26072.He%27s%20Awful.lrc,,,https://player.bilibili.com/player.html?bvid=BV1xa411J7jJ&high_quality=1&autoplay=0,https://www.bilibili.com/video/BV1xa411J7jJ/,,,官方合集共199P; 按课号分P定位(如 '071 单词/语法/文章')
37,NCE1,37,073-074,073&074.The Way to King Street,The Way to King Street,https://nce.mleo.site/NCE1/073%26074.The%20Way%20to%20King%20Street.mp3,https://nce.mleo.site/NCE1/073%26074.The%20Way%20to%20King%20Street.lrc,https://85.mleo.site/NCE1/NCE1%281985%20British%20accent%29_037.mp3,https://85.mleo.site/NCE1/NCE1%281985%20British%20accent%29_037.lrc,https://player.bilibili.com/player.html?bvid=BV1xa411J7jJ&high_quality=1&autoplay=0,https://www.bilibili.com/video/BV1xa411J7jJ/,,,官方合集共199P; 按课号分P定位(如 '073 单词/语法/文章')
38,NCE1,38,075-076,075&076.Uncomfortable Shoes,Uncomfortable Shoes,https://nce.mleo.site/NCE1/075%26076.Uncomfortable%20Shoes.mp3,https://nce.mleo.site/NCE1/075%26076.Uncomfortable%20Shoes.lrc,,,https://player.bilibili.com/player.html?bvid=BV1xa411J7jJ&high_quality=1&autoplay=0,https://www.bilibili.com/video/BV1xa411J7jJ/,,,官方合集共199P; 按课号分P定位(如 '075 单词/语法/文章')
39,NCE1,39,077-078,077&078.Terrible Toothache,Terrible Toothache,https://nce.mleo.site/NCE1/077%26078.Terrible%20Toothache.mp3,https://nce.mleo.site/NCE1/077%26078.Terrible%20Toothache.lrc,https://85.mleo.site/NCE1/NCE1%281985%20British%20accent%29_039.mp3,https://85.mleo.site/NCE1/NCE1%281985%20British%20accent%29_039.lrc,https://player.bilibili.com/player.html?bvid=BV1xa411J7jJ&high_quality=1&autoplay=0,https://www.bilibili.com/video/BV1xa411J7jJ/,,,官方合集共199P; 按课号分P定位(如 '077 单词/语法/文章')
40,NCE1,40,079-080,079&080.Carol's Shopping List,Carol's Shopping List,https://nce.mleo.site/NCE1/079%26080.Carol%27s%20Shopping%20List.mp3,https://nce.mleo.site/NCE1/079%26080.Carol%27s%20Shopping%20List.lrc,,,https://player.bilibili.com/player.html?bvid=BV1xa411J7jJ&high_quality=1&autoplay=0,https://www.bilibili.com/video/BV1xa411J7jJ/,,,官方合集共199P; 按课号分P定位(如 '079 单词/语法/文章')
41,NCE1,41,081-082,081&082.Roast Beef and Potatoes,Roast Beef and Potatoes,https://nce.mleo.site/NCE1/081%26082.Roast%20Beef%20and%20Potatoes.mp3,https://nce.mleo.site/NCE1/081%26082.Roast%20Beef%20and%20Potatoes.lrc,https://85.mleo.site/NCE1/NCE1%281985%20British%20accent%29_041.mp3,https://85.mleo.site/NCE1/NCE1%281985%20British%20accent%29_041.lrc,https://player.bilibili.com/player.html?bvid=BV1xa411J7jJ&high_quality=1&autoplay=0,https://www.bilibili.com/video/BV1xa411J7jJ/,,,官方合集共199P; 按课号分P定位(如 '081 单词/语法/文章')
42,NCE1,42,083-084,083&084.Going on Holiday,Going on Holiday,https://nce.mleo.site/NCE1/083%26084.Going%20on%20Holiday.mp3,https://nce.mleo.site/NCE1/083%26084.Going%20on%20Holiday.lrc,,,https://player.bilibili.com/player.html?bvid=BV1xa411J7jJ&high_quality=1&autoplay=0,https://www.bilibili.com/video/BV1xa411J7jJ/,,,官方合集共199P; 按课号分P定位(如 '083 单词/语法/文章')
43,NCE1,43,085-086,085&086.Paris in the Spring,Paris in the Spring,https://nce.mleo.site/NCE1/085%26086.Paris%20in%20the%20Spring.mp3,https://nce.mleo.site/NCE1/085%26086.Paris%20in%20the%20Spring.lrc,https://85.mleo.site/NCE1/NCE1%281985%20British%20accent%29_043.mp3,https://85.mleo.site/NCE1/NCE1%281985%20British%20accent%29_043.lrc,https://player.bilibili.com/player.html?bvid=BV1xa411J7jJ&high_quality=1&autoplay=0,https://www.bilibili.com/video/BV1xa411J7jJ/,,,官方合集共199P; 按课号分P定位(如 '085 单词/语法/文章')
44,NCE1,44,087-088,087&088.A Car Crash,A Car Crash,https://nce.mleo.site/NCE1/087%26088.A%20Car%20Crash.mp3,https://nce.mleo.site/NCE1/087%26088.A%20Car%20Crash.lrc,,,https://player.bilibili.com/player.html?bvid=BV1xa411J7jJ&high_quality=1&autoplay=0,https://www.bilibili.com/video/BV1xa411J7jJ/,,,官方合集共199P; 按课号分P定位(如 '087 单词/语法/文章')
45,NCE1,45,089-090,089&090.For Sale,For Sale,https://nce.mleo.site/NCE1/089%26090.For%20Sale.mp3,https://nce.mleo.site/NCE1/089%26090.For%20Sale.lrc,https://85.mleo.site/NCE1/NCE1%281985%20British%20accent%29_045.mp3,https://85.mleo.site/NCE1/NCE1%281985%20British%20accent%29_045.lrc,https://player.bilibili.com/player.html?bvid=BV1xa411J7jJ&high_quality=1&autoplay=0,https://www.bilibili.com/video/BV1xa411J7jJ/,,,官方合集共199P; 按课号分P定位(如 '089 单词/语法/文章')
46,NCE1,46,091-092,091&092.Poor Ian,Poor Ian,https://nce.mleo.site/NCE1/091%26092.Poor%20Ian.mp3,https://nce.mleo.site/NCE1/091%26092.Poor%20Ian.lrc,,,https://player.bilibili.com/player.html?bvid=BV1xa411J7jJ&high_quality=1&autoplay=0,https://www.bilibili.com/video/BV1xa411J7jJ/,,,官方合集共199P; 按课号分P定位(如 '091 单词/语法/文章')
47,NCE1,47,093-094,093&094.Our New Neighbour,Our New Neighbour,https://nce.mleo.site/NCE1/093%26094.Our%20New%20Neighbour.mp3,https://nce.mleo.site/NCE1/093%26094.Our%20New%20Neighbour.lrc,https://85.mleo.site/NCE1/NCE1%281985%20British%20accent%29_047.mp3,https://85.mleo.site/NCE1/NCE1%281985%20British%20accent%29_047.lrc,https://player.bilibili.com/player.html?bvid=BV1xa411J7jJ&high_quality=1&autoplay=0,https://www.bilibili.com/video/BV1xa411J7jJ/,,,官方合集共199P; 按课号分P定位(如 '093 单词/语法/文章')
48,NCE1,48,095-096,"095&096.Tickets, Please","Tickets, Please",https://nce.mleo.site/NCE1/095%26096.Tickets%2C%20Please.mp3,https://nce.mleo.site/NCE1/095%26096.Tickets%2C%20Please.lrc,,,https://player.bilibili.com/player.html?bvid=BV1xa411J7jJ&high_quality=1&autoplay=0,https://www.bilibili.com/video/BV1xa411J7jJ/,,,官方合集共199P; 按课号分P定位(如 '095 单词/语法/文章')
49,NCE1,49,097-098,097&098.A Small Blue Case,A Small Blue Case,https://nce.mleo.site/NCE1/097%26098.A%20Small%20Blue%20Case.mp3,https://nce.mleo.site/NCE1/097%26098.A%20Small%20Blue%20Case.lrc,https://85.mleo.site/NCE1/NCE1%281985%20British%20accent%29_049.mp3,https://85.mleo.site/NCE1/NCE1%281985%20British%20accent%29_049.lrc,https://player.bilibili.com/player.html?bvid=BV1xa411J7jJ&high_quality=1&autoplay=0,https://www.bilibili.com/video/BV1xa411J7jJ/,,,官方合集共199P; 按课号分P定位(如 '097 单词/语法/文章')
50,NCE1,50,099-100,099&100.Ow,Ow,https://nce.mleo.site/NCE1/099%26100.Ow.mp3,https://nce.mleo.site/NCE1/099%26100.Ow.lrc,,,https://player.bilibili.com/player.html?bvid=BV1xa411J7jJ&high_quality=1&autoplay=0,https://www.bilibili.com/video/BV1xa411J7jJ/,,,官方合集共199P; 按课号分P定位(如 '099 单词/语法/文章')
51,NCE1,51,101-102,101&102.A Card From Jimmy,A Card From Jimmy,https://nce.mleo.site/NCE1/101%26102.A%20Card%20From%20Jimmy.mp3,https://nce.mleo.site/NCE1/101%26102.A%20Card%20From%20Jimmy.lrc,https://85.mleo.site/NCE1/NCE1%281985%20British%20accent%29_051.mp3,https://85.mleo.site/NCE1/NCE1%281985%20British%20accent%29_051.lrc,https://player.bilibili.com/player.html?bvid=BV1xa411J7jJ&high_quality=1&autoplay=0,https://www.bilibili.com/video/BV1xa411J7jJ/,,,官方合集共199P; 按课号分P定位(如 '101 单词/语法/文章')
52,NCE1,52,103-104,103&104.The French Test,The French Test,https://nce.mleo.site/NCE1/103%26104.The%20French%20Test.mp3,https://nce.mleo.site/NCE1/103%26104.The%20French%20Test.lrc,,,https://player.bilibili.com/player.html?bvid=BV1xa411J7jJ&high_quality=1&autoplay=0,https://www.bilibili.com/video/BV1xa411J7jJ/,,,官方合集共199P; 按课号分P定位(如 '103 单词/语法/文章')
53,NCE1,53,105-106,105&106.Full of Mistakes,Full of Mistakes,https://nce.mleo.site/NCE1/105%26106.Full%20of%20Mistakes.mp3,https://nce.mleo.site/NCE1/105%26106.Full%20of%20Mistakes.lrc,https://85.mleo.site/NCE1/NCE1%281985%20British%20accent%29_053.mp3,https://85.mleo.site/NCE1/NCE1%281985%20British%20accent%29_053.lrc,https://player.bilibili.com/player.html?bvid=BV1xa411J7jJ&high_quality=1&autoplay=0,https://www.bilibili.com/video/BV1xa411J7jJ/,,,官方合集共199P; 按课号分P定位(如 '105 单词/语法/文章')
54,NCE1,54,107-108,107&108.It's Too Small,It's Too Small,https://nce.mleo.site/NCE1/107%26108.It%27s%20Too%20Small.mp3,https://nce.mleo.site/NCE1/107%26108.It%27s%20Too%20Small.lrc,,,https://player.bilibili.com/player.html?bvid=BV1xa411J7jJ&high_quality=1&autoplay=0,https://www.bilibili.com/video/BV1xa411J7jJ/,,,官方合集共199P; 按课号分P定位(如 '107 单词/语法/文章')
55,NCE1,55,109-110,109&110.A Good Idea,A Good Idea,https://nce.mleo.site/NCE1/109%26110.A%20Good%20Idea.mp3,https://nce.mleo.site/NCE1/109%26110.A%20Good%20Idea.lrc,https://85.mleo.site/NCE1/NCE1%281985%20British%20accent%29_055.mp3,https://85.mleo.site/NCE1/NCE1%281985%20British%20accent%29_055.lrc,https://player.bilibili.com/player.html?bvid=BV1xa411J7jJ&high_quality=1&autoplay=0,https://www.bilibili.com/video/BV1xa411J7jJ/,,,官方合集共199P; 按课号分P定位(如 '109 单词/语法/文章')
56,NCE1,56,111-112,111&112.The Most Expensive Model,The Most Expensive Model,https://nce.mleo.site/NCE1/111%26112.The%20Most%20Expensive%20Model.mp3,https://nce.mleo.site/NCE1/111%26112.The%20Most%20Expensive%20Model.lrc,,,https://player.bilibili.com/player.html?bvid=BV1xa411J7jJ&high_quality=1&autoplay=0,https://www.bilibili.com/video/BV1xa411J7jJ/,,,官方合集共199P; 按课号分P定位(如 '111 单词/语法/文章')
57,NCE1,57,113-114,113&114.Small Change,Small Change,https://nce.mleo.site/NCE1/113%26114.Small%20Change.mp3,https://nce.mleo.site/NCE1/113%26114.Small%20Change.lrc,https://85.mleo.site/NCE1/NCE1%281985%20British%20accent%29_057.mp3,https://85.mleo.site/NCE1/NCE1%281985%20British%20accent%29_057.lrc,https://player.bilibili.com/player.html?bvid=BV1xa411J7jJ&high_quality=1&autoplay=0,https://www.bilibili.com/video/BV1xa411J7jJ/,,,官方合集共199P; 按课号分P定位(如 '113 单词/语法/文章')
58,NCE1,58,115-116,"115&116.Knock, Knock","Knock, Knock",https://nce.mleo.site/NCE1/115%26116.Knock%2C%20Knock.mp3,https://nce.mleo.site/NCE1/115%26116.Knock%2C%20Knock.lrc,,,https://player.bilibili.com/player.html?bvid=BV1xa411J7jJ&high_quality=1&autoplay=0,https://www.bilibili.com/video/BV1xa411J7jJ/,,,官方合集共199P; 按课号分P定位(如 '115 单词/语法/文章')
59,NCE1,59,117-118,117&118.Tommy's Breakfast,Tommy's Breakfast,https://nce.mleo.site/NCE1/117%26118.Tommy%27s%20Breakfast.mp3,https://nce.mleo.site/NCE1/117%26118.Tommy%27s%20Breakfast.lrc,https://85.mleo.site/NCE1/NCE1%281985%20British%20accent%29_059.mp3,https://85.mleo.site/NCE1/NCE1%281985%20British%20accent%29_059.lrc,https://player.bilibili.com/player.html?bvid=BV1xa411J7jJ&high_quality=1&autoplay=0,https://www.bilibili.com/video/BV1xa411J7jJ/,,,官方合集共199P; 按课号分P定位(如 '117 单词/语法/文章')
60,NCE1,60,119-120,119&120.A True Story,A True Story,https://nce.mleo.site/NCE1/119%26120.A%20True%20Story.mp3,https://nce.mleo.site/NCE1/119%26120.A%20True%20Story.lrc,,,https://player.bilibili.com/player.html?bvid=BV1xa411J7jJ&high_quality=1&autoplay=0,https://www.bilibili.com/video/BV1xa411J7jJ/,,,官方合集共199P; 按课号分P定位(如 '119 单词/语法/文章')
61,NCE1,61,121-122,121&122.The Man in a Hat,The Man in a Hat,https://nce.mleo.site/NCE1/121%26122.The%20Man%20in%20a%20Hat.mp3,https://nce.mleo.site/NCE1/121%26122.The%20Man%20in%20a%20Hat.lrc,https://85.mleo.site/NCE1/NCE1%281985%20British%20accent%29_061.mp3,https://85.mleo.site/NCE1/NCE1%281985%20British%20accent%29_061.lrc,https://player.bilibili.com/player.html?bvid=BV1xa411J7jJ&high_quality=1&autoplay=0,https://www.bilibili.com/video/BV1xa411J7jJ/,,,官方合集共199P; 按课号分P定位(如 '121 单词/语法/文章')
62,NCE1,62,123-124,123&124.A Trip to Australia,A Trip to Australia,https://nce.mleo.site/NCE1/123%26124.A%20Trip%20to%20Australia.mp3,https://nce.mleo.site/NCE1/123%26124.A%20Trip%20to%20Australia.lrc,,,https://player.bilibili.com/player.html?bvid=BV1xa411J7jJ&high_quality=1&autoplay=0,https://www.bilibili.com/video/BV1xa411J7jJ/,,,官方合集共199P; 按课号分P定位(如 '123 单词/语法/文章')
63,NCE1,63,125-126,125&126.Tea for Two,Tea for Two,https://nce.mleo.site/NCE1/125%26126.Tea%20for%20Two.mp3,https://nce.mleo.site/NCE1/125%26126.Tea%20for%20Two.lrc,https://85.mleo.site/NCE1/NCE1%281985%20British%20accent%29_063.mp3,https://85.mleo.site/NCE1/NCE1%281985%20British%20accent%29_063.lrc,https://player.bilibili.com/player.html?bvid=BV1xa411J7jJ&high_quality=1&autoplay=0,https://www.bilibili.com/video/BV1xa411J7jJ/,,,官方合集共199P; 按课号分P定位(如 '125 单词/语法/文章')
64,NCE1,64,127-128,127&128.A Famous Actress,A Famous Actress,https://nce.mleo.site/NCE1/127%26128.A%20Famous%20Actress.mp3,https://nce.mleo.site/NCE1/127%26128.A%20Famous%20Actress.lrc,,,https://player.bilibili.com/player.html?bvid=BV1xa411J7jJ&high_quality=1&autoplay=0,https://www.bilibili.com/video/BV1xa411J7jJ/,,,官方合集共199P; 按课号分P定位(如 '127 单词/语法/文章')
65,NCE1,65,129-130,129&130.Seventy Miles an Hour,Seventy Miles an Hour,https://nce.mleo.site/NCE1/129%26130.Seventy%20Miles%20an%20Hour.mp3,https://nce.mleo.site/NCE1/129%26130.Seventy%20Miles%20an%20Hour.lrc,https://85.mleo.site/NCE1/NCE1%281985%20British%20accent%29_065.mp3,https://85.mleo.site/NCE1/NCE1%281985%20British%20accent%29_065.lrc,https://player.bilibili.com/player.html?bvid=BV1xa411J7jJ&high_quality=1&autoplay=0,https://www.bilibili.com/video/BV1xa411J7jJ/,,,官方合集共199P; 按课号分P定位(如 '129 单词/语法/文章')
66,NCE1,66,131-132,131&132.Don't be So Sure,Don't be So Sure,https://nce.mleo.site/NCE1/131%26132.Don%27t%20be%20So%20Sure.mp3,https://nce.mleo.site/NCE1/131%26132.Don%27t%20be%20So%20Sure.lrc,,,https://player.bilibili.com/player.html?bvid=BV1xa411J7jJ&high_quality=1&autoplay=0,https://www.bilibili.com/video/BV1xa411J7jJ/,,,官方合集共199P; 按课号分P定位(如 '131 单词/语法/文章')
67,NCE1,67,133-134,133&134.Sensational News,Sensational News,https://nce.mleo.site/NCE1/133%26134.Sensational%20News.mp3,https://nce.mleo.site/NCE1/133%26134.Sensational%20News.lrc,https://85.mleo.site/NCE1/NCE1%281985%20British%20accent%29_067.mp3,https://85.mleo.site/NCE1/NCE1%281985%20British%20accent%29_067.lrc,https://player.bilibili.com/player.html?bvid=BV1xa411J7jJ&high_quality=1&autoplay=0,https://www.bilibili.com/video/BV1xa411J7jJ/,,,官方合集共199P; 按课号分P定位(如 '133 单词/语法/文章')
68,NCE1,68,135-136,135&136.The Latest Report,The Latest Report,https://nce.mleo.site/NCE1/135%26136.The%20Latest%20Report.mp3,https://nce.mleo.site/NCE1/135%26136.The%20Latest%20Report.lrc,,,https://player.bilibili.com/player.html?bvid=BV1xa411J7jJ&high_quality=1&autoplay=0,https://www.bilibili.com/video/BV1xa411J7jJ/,,,官方合集共199P; 按课号分P定位(如 '135 单词/语法/文章')
69,NCE1,69,137-138,137&138.A Pleasant Dream,A Pleasant Dream,https://nce.mleo.site/NCE1/137%26138.A%20Pleasant%20Dream.mp3,https://nce.mleo.site/NCE1/137%26138.A%20Pleasant%20Dream.lrc,https://85.mleo.site/NCE1/NCE1%281985%20British%20accent%29_069.mp3,https://85.mleo.site/NCE1/NCE1%281985%20British%20accent%29_069.lrc,https://player.bilibili.com/player.html?bvid=BV1xa411J7jJ&high_quality=1&autoplay=0,https://www.bilibili.com/video/BV1xa411J7jJ/,,,官方合集共199P; 按课号分P定位(如 '137 单词/语法/文章')
70,NCE1,70,139-140,"139&140.Is That You, John","Is That You, John",https://nce.mleo.site/NCE1/139%26140.Is%20That%20You%2C%20John.mp3,https://nce.mleo.site/NCE1/139%26140.Is%20That%20You%2C%20John.lrc,,,https://player.bilibili.com/player.html?bvid=BV1xa411J7jJ&high_quality=1&autoplay=0,https://www.bilibili.com/video/BV1xa411J7jJ/,,,官方合集共199P; 按课号分P定位(如 '139 单词/语法/文章')
71,NCE1,71,141-142,141&142.Sally's First Train Ride,Sally's First Train Ride,https://nce.mleo.site/NCE1/141%26142.Sally%27s%20First%20Train%20Ride.mp3,https://nce.mleo.site/NCE1/141%26142.Sally%27s%20First%20Train%20Ride.lrc,https://85.mleo.site/NCE1/NCE1%281985%20British%20accent%29_071.mp3,https://85.mleo.site/NCE1/NCE1%281985%20British%20accent%29_071.lrc,https://player.bilibili.com/player.html?bvid=BV1xa411J7jJ&high_quality=1&autoplay=0,https://www.bilibili.com/video/BV1xa411J7jJ/,,,官方合集共199P; 按课号分P定位(如 '141 单词/语法/文章')
72,NCE1,72,143-144,143&144.A Walk Through the Woods,A Walk Through the Woods,https://nce.mleo.site/NCE1/143%26144.A%20Walk%20Through%20the%20Woods.mp3,https://nce.mleo.site/NCE1/143%26144.A%20Walk%20Through%20the%20Woods.lrc,,,https://player.bilibili.com/player.html?bvid=BV1xa411J7jJ&high_quality=1&autoplay=0,https://www.bilibili.com/video/BV1xa411J7jJ/,,,官方合集共199P; 按课号分P定位(如 '143 单词/语法/文章')
73,NCE2,1,01,01.A Private Conversation,A Private Conversation,https://nce.mleo.site/NCE2/01.A%20Private%20Conversation.mp3,https://nce.mleo.site/NCE2/01.A%20Private%20Conversation.lrc,https://85.mleo.site/NCE2/NCE2%281985%20British%20accent%29_01.mp3,https://85.mleo.site/NCE2/NCE2%281985%20British%20accent%29_01.lrc,https://player.bilibili.com/player.html?bvid=BV1cu411r7pw&high_quality=1&autoplay=0,https://www.bilibili.com/video/BV1cu411r7pw/,https://player.bilibili.com/player.html?bvid=BV1uV4y1L7md&high_quality=1&autoplay=0,https://www.bilibili.com/video/BV1uV4y1L7md,"官方合集《新概念英语 第二册 L01～L48｜胶学 x 刘羽Leo》(共177P), 按 L001 分P定位; 另有单课切片直链(胶学课程,第三方整理), 见 video_lesson_* 字段"
74,NCE2,2,02,02.Breakfast or Lunch,Breakfast or Lunch,https://nce.mleo.site/NCE2/02.Breakfast%20or%20Lunch.mp3,https://nce.mleo.site/NCE2/02.Breakfast%20or%20Lunch.lrc,https://85.mleo.site/NCE2/NCE2%281985%20British%20accent%29_02.mp3,https://85.mleo.site/NCE2/NCE2%281985%20British%20accent%29_02.lrc,https://player.bilibili.com/player.html?bvid=BV1cu411r7pw&high_quality=1&autoplay=0,https://www.bilibili.com/video/BV1cu411r7pw/,https://player.bilibili.com/player.html?bvid=BV1T84y1z7oY&high_quality=1&autoplay=0,https://www.bilibili.com/video/BV1T84y1z7oY,"官方合集《新概念英语 第二册 L01～L48｜胶学 x 刘羽Leo》(共177P), 按 L002 分P定位; 另有单课切片直链(胶学课程,第三方整理), 见 video_lesson_* 字段"
75,NCE2,3,03,03.Please Send Me a Card,Please Send Me a Card,https://nce.mleo.site/NCE2/03.Please%20Send%20Me%20a%20Card.mp3,https://nce.mleo.site/NCE2/03.Please%20Send%20Me%20a%20Card.lrc,https://85.mleo.site/NCE2/NCE2%281985%20British%20accent%29_03.mp3,https://85.mleo.site/NCE2/NCE2%281985%20British%20accent%29_03.lrc,https://player.bilibili.com/player.html?bvid=BV1cu411r7pw&high_quality=1&autoplay=0,https://www.bilibili.com/video/BV1cu411r7pw/,https://player.bilibili.com/player.html?bvid=BV1aT411k74d&high_quality=1&autoplay=0,https://www.bilibili.com/video/BV1aT411k74d,"官方合集《新概念英语 第二册 L01～L48｜胶学 x 刘羽Leo》(共177P), 按 L003 分P定位; 另有单课切片直链(胶学课程,第三方整理), 见 video_lesson_* 字段"
76,NCE2,4,04,04.An Exciting Trip,An Exciting Trip,https://nce.mleo.site/NCE2/04.An%20Exciting%20Trip.mp3,https://nce.mleo.site/NCE2/04.An%20Exciting%20Trip.lrc,https://85.mleo.site/NCE2/NCE2%281985%20British%20accent%29_04.mp3,https://85.mleo.site/NCE2/NCE2%281985%20British%20accent%29_04.lrc,https://player.bilibili.com/player.html?bvid=BV1cu411r7pw&high_quality=1&autoplay=0,https://www.bilibili.com/video/BV1cu411r7pw/,https://player.bilibili.com/player.html?bvid=BV1924y1x7bj&high_quality=1&autoplay=0,https://www.bilibili.com/video/BV1924y1x7bj,"官方合集《新概念英语 第二册 L01～L48｜胶学 x 刘羽Leo》(共177P), 按 L004 分P定位; 另有单课切片直链(胶学课程,第三方整理), 见 video_lesson_* 字段"
77,NCE2,5,05,05.No Wrong Numbers,No Wrong Numbers,https://nce.mleo.site/NCE2/05.No%20Wrong%20Numbers.mp3,https://nce.mleo.site/NCE2/05.No%20Wrong%20Numbers.lrc,https://85.mleo.site/NCE2/NCE2%281985%20British%20accent%29_05.mp3,https://85.mleo.site/NCE2/NCE2%281985%20British%20accent%29_05.lrc,https://player.bilibili.com/player.html?bvid=BV1cu411r7pw&high_quality=1&autoplay=0,https://www.bilibili.com/video/BV1cu411r7pw/,https://player.bilibili.com/player.html?bvid=BV1nL411d7me&high_quality=1&autoplay=0,https://www.bilibili.com/video/BV1nL411d7me,"官方合集《新概念英语 第二册 L01～L48｜胶学 x 刘羽Leo》(共177P), 按 L005 分P定位; 另有单课切片直链(胶学课程,第三方整理), 见 video_lesson_* 字段"
78,NCE2,6,06,06.Percy Buttons,Percy Buttons,https://nce.mleo.site/NCE2/06.Percy%20Buttons.mp3,https://nce.mleo.site/NCE2/06.Percy%20Buttons.lrc,https://85.mleo.site/NCE2/NCE2%281985%20British%20accent%29_06.mp3,https://85.mleo.site/NCE2/NCE2%281985%20British%20accent%29_06.lrc,https://player.bilibili.com/player.html?bvid=BV1cu411r7pw&high_quality=1&autoplay=0,https://www.bilibili.com/video/BV1cu411r7pw/,https://player.bilibili.com/player.html?bvid=BV1dv4y1V7Qo&high_quality=1&autoplay=0,https://www.bilibili.com/video/BV1dv4y1V7Qo,"官方合集《新概念英语 第二册 L01～L48｜胶学 x 刘羽Leo》(共177P), 按 L006 分P定位; 另有单课切片直链(胶学课程,第三方整理), 见 video_lesson_* 字段"
79,NCE2,7,07,07.Too Late,Too Late,https://nce.mleo.site/NCE2/07.Too%20Late.mp3,https://nce.mleo.site/NCE2/07.Too%20Late.lrc,https://85.mleo.site/NCE2/NCE2%281985%20British%20accent%29_07.mp3,https://85.mleo.site/NCE2/NCE2%281985%20British%20accent%29_07.lrc,https://player.bilibili.com/player.html?bvid=BV1cu411r7pw&high_quality=1&autoplay=0,https://www.bilibili.com/video/BV1cu411r7pw/,https://player.bilibili.com/player.html?bvid=BV1fo4y1W78p&high_quality=1&autoplay=0,https://www.bilibili.com/video/BV1fo4y1W78p,"官方合集《新概念英语 第二册 L01～L48｜胶学 x 刘羽Leo》(共177P), 按 L007 分P定位; 另有单课切片直链(胶学课程,第三方整理), 见 video_lesson_* 字段"
80,NCE2,8,08,08.The Best and the Worst,The Best and the Worst,https://nce.mleo.site/NCE2/08.The%20Best%20and%20the%20Worst.mp3,https://nce.mleo.site/NCE2/08.The%20Best%20and%20the%20Worst.lrc,https://85.mleo.site/NCE2/NCE2%281985%20British%20accent%29_08.mp3,https://85.mleo.site/NCE2/NCE2%281985%20British%20accent%29_08.lrc,https://player.bilibili.com/player.html?bvid=BV1cu411r7pw&high_quality=1&autoplay=0,https://www.bilibili.com/video/BV1cu411r7pw/,https://player.bilibili.com/player.html?bvid=BV1Ag4y1x7g2&high_quality=1&autoplay=0,https://www.bilibili.com/video/BV1Ag4y1x7g2,"官方合集《新概念英语 第二册 L01～L48｜胶学 x 刘羽Leo》(共177P), 按 L008 分P定位; 另有单课切片直链(胶学课程,第三方整理), 见 video_lesson_* 字段"
81,NCE2,9,09,09.A Cold Welcome,A Cold Welcome,https://nce.mleo.site/NCE2/09.A%20Cold%20Welcome.mp3,https://nce.mleo.site/NCE2/09.A%20Cold%20Welcome.lrc,https://85.mleo.site/NCE2/NCE2%281985%20British%20accent%29_09.mp3,https://85.mleo.site/NCE2/NCE2%281985%20British%20accent%29_09.lrc,https://player.bilibili.com/player.html?bvid=BV1cu411r7pw&high_quality=1&autoplay=0,https://www.bilibili.com/video/BV1cu411r7pw/,https://player.bilibili.com/player.html?bvid=BV1hx4y1A7Li&high_quality=1&autoplay=0,https://www.bilibili.com/video/BV1hx4y1A7Li,"官方合集《新概念英语 第二册 L01～L48｜胶学 x 刘羽Leo》(共177P), 按 L009 分P定位; 另有单课切片直链(胶学课程,第三方整理), 见 video_lesson_* 字段"
82,NCE2,10,10,10.Not for Jazz,Not for Jazz,https://nce.mleo.site/NCE2/10.Not%20for%20Jazz.mp3,https://nce.mleo.site/NCE2/10.Not%20for%20Jazz.lrc,https://85.mleo.site/NCE2/NCE2%281985%20British%20accent%29_10.mp3,https://85.mleo.site/NCE2/NCE2%281985%20British%20accent%29_10.lrc,https://player.bilibili.com/player.html?bvid=BV1cu411r7pw&high_quality=1&autoplay=0,https://www.bilibili.com/video/BV1cu411r7pw/,https://player.bilibili.com/player.html?bvid=BV1ym4y1k72f&high_quality=1&autoplay=0,https://www.bilibili.com/video/BV1ym4y1k72f,"官方合集《新概念英语 第二册 L01～L48｜胶学 x 刘羽Leo》(共177P), 按 L010 分P定位; 另有单课切片直链(胶学课程,第三方整理), 见 video_lesson_* 字段"
83,NCE2,11,11,11.One Good Turn Deserves Another,One Good Turn Deserves Another,https://nce.mleo.site/NCE2/11.One%20Good%20Turn%20Deserves%20Another.mp3,https://nce.mleo.site/NCE2/11.One%20Good%20Turn%20Deserves%20Another.lrc,https://85.mleo.site/NCE2/NCE2%281985%20British%20accent%29_11.mp3,https://85.mleo.site/NCE2/NCE2%281985%20British%20accent%29_11.lrc,https://player.bilibili.com/player.html?bvid=BV1cu411r7pw&high_quality=1&autoplay=0,https://www.bilibili.com/video/BV1cu411r7pw/,https://player.bilibili.com/player.html?bvid=BV1nT411z7nf&high_quality=1&autoplay=0,https://www.bilibili.com/video/BV1nT411z7nf,"官方合集《新概念英语 第二册 L01～L48｜胶学 x 刘羽Leo》(共177P), 按 L011 分P定位; 另有单课切片直链(胶学课程,第三方整理), 见 video_lesson_* 字段"
84,NCE2,12,12,12.Goodbye and Good Luck,Goodbye and Good Luck,https://nce.mleo.site/NCE2/12.Goodbye%20and%20Good%20Luck.mp3,https://nce.mleo.site/NCE2/12.Goodbye%20and%20Good%20Luck.lrc,https://85.mleo.site/NCE2/NCE2%281985%20British%20accent%29_12.mp3,https://85.mleo.site/NCE2/NCE2%281985%20British%20accent%29_12.lrc,https://player.bilibili.com/player.html?bvid=BV1cu411r7pw&high_quality=1&autoplay=0,https://www.bilibili.com/video/BV1cu411r7pw/,https://player.bilibili.com/player.html?bvid=BV1xY4y1Q7VV&high_quality=1&autoplay=0,https://www.bilibili.com/video/BV1xY4y1Q7VV,"官方合集《新概念英语 第二册 L01～L48｜胶学 x 刘羽Leo》(共177P), 按 L012 分P定位; 另有单课切片直链(胶学课程,第三方整理), 见 video_lesson_* 字段"
85,NCE2,13,13,13.The Greenwood Boys,The Greenwood Boys,https://nce.mleo.site/NCE2/13.The%20Greenwood%20Boys.mp3,https://nce.mleo.site/NCE2/13.The%20Greenwood%20Boys.lrc,https://85.mleo.site/NCE2/NCE2%281985%20British%20accent%29_13.mp3,https://85.mleo.site/NCE2/NCE2%281985%20British%20accent%29_13.lrc,https://player.bilibili.com/player.html?bvid=BV1cu411r7pw&high_quality=1&autoplay=0,https://www.bilibili.com/video/BV1cu411r7pw/,https://player.bilibili.com/player.html?bvid=BV1W24y177d6&high_quality=1&autoplay=0,https://www.bilibili.com/video/BV1W24y177d6,"官方合集《新概念英语 第二册 L01～L48｜胶学 x 刘羽Leo》(共177P), 按 L013 分P定位; 另有单课切片直链(胶学课程,第三方整理), 见 video_lesson_* 字段"
86,NCE2,14,14,14.Do You Speak English,Do You Speak English,https://nce.mleo.site/NCE2/14.Do%20You%20Speak%20English.mp3,https://nce.mleo.site/NCE2/14.Do%20You%20Speak%20English.lrc,https://85.mleo.site/NCE2/NCE2%281985%20British%20accent%29_14.mp3,https://85.mleo.site/NCE2/NCE2%281985%20British%20accent%29_14.lrc,https://player.bilibili.com/player.html?bvid=BV1cu411r7pw&high_quality=1&autoplay=0,https://www.bilibili.com/video/BV1cu411r7pw/,https://player.bilibili.com/player.html?bvid=BV1cg4y1s7YP&high_quality=1&autoplay=0,https://www.bilibili.com/video/BV1cg4y1s7YP,"官方合集《新概念英语 第二册 L01～L48｜胶学 x 刘羽Leo》(共177P), 按 L014 分P定位; 另有单课切片直链(胶学课程,第三方整理), 见 video_lesson_* 字段"
87,NCE2,15,15,15.Good News,Good News,https://nce.mleo.site/NCE2/15.Good%20News.mp3,https://nce.mleo.site/NCE2/15.Good%20News.lrc,https://85.mleo.site/NCE2/NCE2%281985%20British%20accent%29_15.mp3,https://85.mleo.site/NCE2/NCE2%281985%20British%20accent%29_15.lrc,https://player.bilibili.com/player.html?bvid=BV1cu411r7pw&high_quality=1&autoplay=0,https://www.bilibili.com/video/BV1cu411r7pw/,https://player.bilibili.com/player.html?bvid=BV1NX4y1o7pS&high_quality=1&autoplay=0,https://www.bilibili.com/video/BV1NX4y1o7pS,"官方合集《新概念英语 第二册 L01～L48｜胶学 x 刘羽Leo》(共177P), 按 L015 分P定位; 另有单课切片直链(胶学课程,第三方整理), 见 video_lesson_* 字段"
88,NCE2,16,16,16.A Polite Request,A Polite Request,https://nce.mleo.site/NCE2/16.A%20Polite%20Request.mp3,https://nce.mleo.site/NCE2/16.A%20Polite%20Request.lrc,https://85.mleo.site/NCE2/NCE2%281985%20British%20accent%29_16.mp3,https://85.mleo.site/NCE2/NCE2%281985%20British%20accent%29_16.lrc,https://player.bilibili.com/player.html?bvid=BV1cu411r7pw&high_quality=1&autoplay=0,https://www.bilibili.com/video/BV1cu411r7pw/,https://player.bilibili.com/player.html?bvid=BV1tx4y1A73w&high_quality=1&autoplay=0,https://www.bilibili.com/video/BV1tx4y1A73w,"官方合集《新概念英语 第二册 L01～L48｜胶学 x 刘羽Leo》(共177P), 按 L016 分P定位; 另有单课切片直链(胶学课程,第三方整理), 见 video_lesson_* 字段"
89,NCE2,17,17,17.Always Young,Always Young,https://nce.mleo.site/NCE2/17.Always%20Young.mp3,https://nce.mleo.site/NCE2/17.Always%20Young.lrc,https://85.mleo.site/NCE2/NCE2%281985%20British%20accent%29_17.mp3,https://85.mleo.site/NCE2/NCE2%281985%20British%20accent%29_17.lrc,https://player.bilibili.com/player.html?bvid=BV1cu411r7pw&high_quality=1&autoplay=0,https://www.bilibili.com/video/BV1cu411r7pw/,https://player.bilibili.com/player.html?bvid=BV1h24y1L7b1&high_quality=1&autoplay=0,https://www.bilibili.com/video/BV1h24y1L7b1,"官方合集《新概念英语 第二册 L01～L48｜胶学 x 刘羽Leo》(共177P), 按 L017 分P定位; 另有单课切片直链(胶学课程,第三方整理), 见 video_lesson_* 字段"
90,NCE2,18,18,18.He Often does This,He Often does This,https://nce.mleo.site/NCE2/18.He%20Often%20does%20This.mp3,https://nce.mleo.site/NCE2/18.He%20Often%20does%20This.lrc,https://85.mleo.site/NCE2/NCE2%281985%20British%20accent%29_18.mp3,https://85.mleo.site/NCE2/NCE2%281985%20British%20accent%29_18.lrc,https://player.bilibili.com/player.html?bvid=BV1cu411r7pw&high_quality=1&autoplay=0,https://www.bilibili.com/video/BV1cu411r7pw/,https://player.bilibili.com/player.html?bvid=BV18L411S7Gj&high_quality=1&autoplay=0,https://www.bilibili.com/video/BV18L411S7Gj,"官方合集《新概念英语 第二册 L01～L48｜胶学 x 刘羽Leo》(共177P), 按 L018 分P定位; 另有单课切片直链(胶学课程,第三方整理), 见 video_lesson_* 字段"
91,NCE2,19,19,19.Sold Out,Sold Out,https://nce.mleo.site/NCE2/19.Sold%20Out.mp3,https://nce.mleo.site/NCE2/19.Sold%20Out.lrc,https://85.mleo.site/NCE2/NCE2%281985%20British%20accent%29_19.mp3,https://85.mleo.site/NCE2/NCE2%281985%20British%20accent%29_19.lrc,https://player.bilibili.com/player.html?bvid=BV1cu411r7pw&high_quality=1&autoplay=0,https://www.bilibili.com/video/BV1cu411r7pw/,https://player.bilibili.com/player.html?bvid=BV1Jv4y1p7bn&high_quality=1&autoplay=0,https://www.bilibili.com/video/BV1Jv4y1p7bn,"官方合集《新概念英语 第二册 L01～L48｜胶学 x 刘羽Leo》(共177P), 按 L019 分P定位; 另有单课切片直链(胶学课程,第三方整理), 见 video_lesson_* 字段"
92,NCE2,20,20,20.One Man in a Boat,One Man in a Boat,https://nce.mleo.site/NCE2/20.One%20Man%20in%20a%20Boat.mp3,https://nce.mleo.site/NCE2/20.One%20Man%20in%20a%20Boat.lrc,https://85.mleo.site/NCE2/NCE2%281985%20British%20accent%29_20.mp3,https://85.mleo.site/NCE2/NCE2%281985%20British%20accent%29_20.lrc,https://player.bilibili.com/player.html?bvid=BV1cu411r7pw&high_quality=1&autoplay=0,https://www.bilibili.com/video/BV1cu411r7pw/,https://player.bilibili.com/player.html?bvid=BV1Dk4y1e7Fr&high_quality=1&autoplay=0,https://www.bilibili.com/video/BV1Dk4y1e7Fr,"官方合集《新概念英语 第二册 L01～L48｜胶学 x 刘羽Leo》(共177P), 按 L020 分P定位; 另有单课切片直链(胶学课程,第三方整理), 见 video_lesson_* 字段"
93,NCE2,21,21,21.Mad or Not,Mad or Not,https://nce.mleo.site/NCE2/21.Mad%20or%20Not.mp3,https://nce.mleo.site/NCE2/21.Mad%20or%20Not.lrc,https://85.mleo.site/NCE2/NCE2%281985%20British%20accent%29_21.mp3,https://85.mleo.site/NCE2/NCE2%281985%20British%20accent%29_21.lrc,https://player.bilibili.com/player.html?bvid=BV1cu411r7pw&high_quality=1&autoplay=0,https://www.bilibili.com/video/BV1cu411r7pw/,https://player.bilibili.com/player.html?bvid=BV1fN411A7Mj&high_quality=1&autoplay=0,https://www.bilibili.com/video/BV1fN411A7Mj,"官方合集《新概念英语 第二册 L01～L48｜胶学 x 刘羽Leo》(共177P), 按 L021 分P定位; 另有单课切片直链(胶学课程,第三方整理), 见 video_lesson_* 字段"
94,NCE2,22,22,22.A Glass Envelope,A Glass Envelope,https://nce.mleo.site/NCE2/22.A%20Glass%20Envelope.mp3,https://nce.mleo.site/NCE2/22.A%20Glass%20Envelope.lrc,https://85.mleo.site/NCE2/NCE2%281985%20British%20accent%29_22.mp3,https://85.mleo.site/NCE2/NCE2%281985%20British%20accent%29_22.lrc,https://player.bilibili.com/player.html?bvid=BV1cu411r7pw&high_quality=1&autoplay=0,https://www.bilibili.com/video/BV1cu411r7pw/,https://player.bilibili.com/player.html?bvid=BV1kT411s79R&high_quality=1&autoplay=0,https://www.bilibili.com/video/BV1kT411s79R,"官方合集《新概念英语 第二册 L01～L48｜胶学 x 刘羽Leo》(共177P), 按 L022 分P定位; 另有单课切片直链(胶学课程,第三方整理), 见 video_lesson_* 字段"
95,NCE2,23,23,23.A New House,A New House,https://nce.mleo.site/NCE2/23.A%20New%20House.mp3,https://nce.mleo.site/NCE2/23.A%20New%20House.lrc,https://85.mleo.site/NCE2/NCE2%281985%20British%20accent%29_23.mp3,https://85.mleo.site/NCE2/NCE2%281985%20British%20accent%29_23.lrc,https://player.bilibili.com/player.html?bvid=BV1cu411r7pw&high_quality=1&autoplay=0,https://www.bilibili.com/video/BV1cu411r7pw/,https://player.bilibili.com/player.html?bvid=BV1kj411F75H&high_quality=1&autoplay=0,https://www.bilibili.com/video/BV1kj411F75H,"官方合集《新概念英语 第二册 L01～L48｜胶学 x 刘羽Leo》(共177P), 按 L023 分P定位; 另有单课切片直链(胶学课程,第三方整理), 见 video_lesson_* 字段"
96,NCE2,24,24,24.It Could be Worse,It Could be Worse,https://nce.mleo.site/NCE2/24.It%20Could%20be%20Worse.mp3,https://nce.mleo.site/NCE2/24.It%20Could%20be%20Worse.lrc,https://85.mleo.site/NCE2/NCE2%281985%20British%20accent%29_24.mp3,https://85.mleo.site/NCE2/NCE2%281985%20British%20accent%29_24.lrc,https://player.bilibili.com/player.html?bvid=BV1cu411r7pw&high_quality=1&autoplay=0,https://www.bilibili.com/video/BV1cu411r7pw/,https://player.bilibili.com/player.html?bvid=BV1EV4y1D7Bg&high_quality=1&autoplay=0,https://www.bilibili.com/video/BV1EV4y1D7Bg,"官方合集《新概念英语 第二册 L01～L48｜胶学 x 刘羽Leo》(共177P), 按 L024 分P定位; 另有单课切片直链(胶学课程,第三方整理), 见 video_lesson_* 字段"
97,NCE2,25,25,25.Do the English Speak English,Do the English Speak English,https://nce.mleo.site/NCE2/25.Do%20the%20English%20Speak%20English.mp3,https://nce.mleo.site/NCE2/25.Do%20the%20English%20Speak%20English.lrc,https://85.mleo.site/NCE2/NCE2%281985%20British%20accent%29_25.mp3,https://85.mleo.site/NCE2/NCE2%281985%20British%20accent%29_25.lrc,https://player.bilibili.com/player.html?bvid=BV1cu411r7pw&high_quality=1&autoplay=0,https://www.bilibili.com/video/BV1cu411r7pw/,https://player.bilibili.com/player.html?bvid=BV1XX4y167pd&high_quality=1&autoplay=0,https://www.bilibili.com/video/BV1XX4y167pd,"官方合集《新概念英语 第二册 L01～L48｜胶学 x 刘羽Leo》(共177P), 按 L025 分P定位; 另有单课切片直链(胶学课程,第三方整理), 见 video_lesson_* 字段"
98,NCE2,26,26,26.The Best Art Critics,The Best Art Critics,https://nce.mleo.site/NCE2/26.The%20Best%20Art%20Critics.mp3,https://nce.mleo.site/NCE2/26.The%20Best%20Art%20Critics.lrc,https://85.mleo.site/NCE2/NCE2%281985%20British%20accent%29_26.mp3,https://85.mleo.site/NCE2/NCE2%281985%20British%20accent%29_26.lrc,https://player.bilibili.com/player.html?bvid=BV1cu411r7pw&high_quality=1&autoplay=0,https://www.bilibili.com/video/BV1cu411r7pw/,https://player.bilibili.com/player.html?bvid=BV1tv4y1H7WX&high_quality=1&autoplay=0,https://www.bilibili.com/video/BV1tv4y1H7WX,"官方合集《新概念英语 第二册 L01～L48｜胶学 x 刘羽Leo》(共177P), 按 L026 分P定位; 另有单课切片直链(胶学课程,第三方整理), 见 video_lesson_* 字段"
99,NCE2,27,27,27.A Wet Night,A Wet Night,https://nce.mleo.site/NCE2/27.A%20Wet%20Night.mp3,https://nce.mleo.site/NCE2/27.A%20Wet%20Night.lrc,https://85.mleo.site/NCE2/NCE2%281985%20British%20accent%29_27.mp3,https://85.mleo.site/NCE2/NCE2%281985%20British%20accent%29_27.lrc,https://player.bilibili.com/player.html?bvid=BV1cu411r7pw&high_quality=1&autoplay=0,https://www.bilibili.com/video/BV1cu411r7pw/,https://player.bilibili.com/player.html?bvid=BV1o24y1w7gz&high_quality=1&autoplay=0,https://www.bilibili.com/video/BV1o24y1w7gz,"官方合集《新概念英语 第二册 L01～L48｜胶学 x 刘羽Leo》(共177P), 按 L027 分P定位; 另有单课切片直链(胶学课程,第三方整理), 见 video_lesson_* 字段"
100,NCE2,28,28,28.No Parking,No Parking,https://nce.mleo.site/NCE2/28.No%20Parking.mp3,https://nce.mleo.site/NCE2/28.No%20Parking.lrc,https://85.mleo.site/NCE2/NCE2%281985%20British%20accent%29_28.mp3,https://85.mleo.site/NCE2/NCE2%281985%20British%20accent%29_28.lrc,https://player.bilibili.com/player.html?bvid=BV1cu411r7pw&high_quality=1&autoplay=0,https://www.bilibili.com/video/BV1cu411r7pw/,https://player.bilibili.com/player.html?bvid=BV1dk4y1Y7Wz&high_quality=1&autoplay=0,https://www.bilibili.com/video/BV1dk4y1Y7Wz,"官方合集《新概念英语 第二册 L01～L48｜胶学 x 刘羽Leo》(共177P), 按 L028 分P定位; 另有单课切片直链(胶学课程,第三方整理), 见 video_lesson_* 字段"
101,NCE2,29,29,29.Taxi,Taxi,https://nce.mleo.site/NCE2/29.Taxi.mp3,https://nce.mleo.site/NCE2/29.Taxi.lrc,https://85.mleo.site/NCE2/NCE2%281985%20British%20accent%29_29.mp3,https://85.mleo.site/NCE2/NCE2%281985%20British%20accent%29_29.lrc,https://player.bilibili.com/player.html?bvid=BV1cu411r7pw&high_quality=1&autoplay=0,https://www.bilibili.com/video/BV1cu411r7pw/,https://player.bilibili.com/player.html?bvid=BV1Jh4y1W78Y&high_quality=1&autoplay=0,https://www.bilibili.com/video/BV1Jh4y1W78Y,"官方合集《新概念英语 第二册 L01～L48｜胶学 x 刘羽Leo》(共177P), 按 L029 分P定位; 另有单课切片直链(胶学课程,第三方整理), 见 video_lesson_* 字段"
102,NCE2,30,30,30.Football or Polo,Football or Polo,https://nce.mleo.site/NCE2/30.Football%20or%20Polo.mp3,https://nce.mleo.site/NCE2/30.Football%20or%20Polo.lrc,https://85.mleo.site/NCE2/NCE2%281985%20British%20accent%29_30.mp3,https://85.mleo.site/NCE2/NCE2%281985%20British%20accent%29_30.lrc,https://player.bilibili.com/player.html?bvid=BV1cu411r7pw&high_quality=1&autoplay=0,https://www.bilibili.com/video/BV1cu411r7pw/,https://player.bilibili.com/player.html?bvid=BV1FN411A71J&high_quality=1&autoplay=0,https://www.bilibili.com/video/BV1FN411A71J,"官方合集《新概念英语 第二册 L01～L48｜胶学 x 刘羽Leo》(共177P), 按 L030 分P定位; 另有单课切片直链(胶学课程,第三方整理), 见 video_lesson_* 字段"
103,NCE2,31,31,31.Success Story,Success Story,https://nce.mleo.site/NCE2/31.Success%20Story.mp3,https://nce.mleo.site/NCE2/31.Success%20Story.lrc,https://85.mleo.site/NCE2/NCE2%281985%20British%20accent%29_31.mp3,https://85.mleo.site/NCE2/NCE2%281985%20British%20accent%29_31.lrc,https://player.bilibili.com/player.html?bvid=BV1cu411r7pw&high_quality=1&autoplay=0,https://www.bilibili.com/video/BV1cu411r7pw/,https://player.bilibili.com/player.html?bvid=BV14M411L78c&high_quality=1&autoplay=0,https://www.bilibili.com/video/BV14M411L78c,"官方合集《新概念英语 第二册 L01～L48｜胶学 x 刘羽Leo》(共177P), 按 L031 分P定位; 另有单课切片直链(胶学课程,第三方整理), 见 video_lesson_* 字段"
104,NCE2,32,32,32.Shopping Made Easy,Shopping Made Easy,https://nce.mleo.site/NCE2/32.Shopping%20Made%20Easy.mp3,https://nce.mleo.site/NCE2/32.Shopping%20Made%20Easy.lrc,https://85.mleo.site/NCE2/NCE2%281985%20British%20accent%29_32.mp3,https://85.mleo.site/NCE2/NCE2%281985%20British%20accent%29_32.lrc,https://player.bilibili.com/player.html?bvid=BV1cu411r7pw&high_quality=1&autoplay=0,https://www.bilibili.com/video/BV1cu411r7pw/,https://player.bilibili.com/player.html?bvid=BV1ms4y1P7kS&high_quality=1&autoplay=0,https://www.bilibili.com/video/BV1ms4y1P7kS,"官方合集《新概念英语 第二册 L01～L48｜胶学 x 刘羽Leo》(共177P), 按 L032 分P定位; 另有单课切片直链(胶学课程,第三方整理), 见 video_lesson_* 字段"
105,NCE2,33,33,33.Out of the Darkness,Out of the Darkness,https://nce.mleo.site/NCE2/33.Out%20of%20the%20Darkness.mp3,https://nce.mleo.site/NCE2/33.Out%20of%20the%20Darkness.lrc,https://85.mleo.site/NCE2/NCE2%281985%20British%20accent%29_33.mp3,https://85.mleo.site/NCE2/NCE2%281985%20British%20accent%29_33.lrc,https://player.bilibili.com/player.html?bvid=BV1cu411r7pw&high_quality=1&autoplay=0,https://www.bilibili.com/video/BV1cu411r7pw/,https://player.bilibili.com/player.html?bvid=BV1N24y1c7rC&high_quality=1&autoplay=0,https://www.bilibili.com/video/BV1N24y1c7rC,"官方合集《新概念英语 第二册 L01～L48｜胶学 x 刘羽Leo》(共177P), 按 L033 分P定位; 另有单课切片直链(胶学课程,第三方整理), 见 video_lesson_* 字段"
106,NCE2,34,34,34.Quick Work,Quick Work,https://nce.mleo.site/NCE2/34.Quick%20Work.mp3,https://nce.mleo.site/NCE2/34.Quick%20Work.lrc,https://85.mleo.site/NCE2/NCE2%281985%20British%20accent%29_34.mp3,https://85.mleo.site/NCE2/NCE2%281985%20British%20accent%29_34.lrc,https://player.bilibili.com/player.html?bvid=BV1cu411r7pw&high_quality=1&autoplay=0,https://www.bilibili.com/video/BV1cu411r7pw/,https://player.bilibili.com/player.html?bvid=BV1GM411L7f1&high_quality=1&autoplay=0,https://www.bilibili.com/video/BV1GM411L7f1,"官方合集《新概念英语 第二册 L01～L48｜胶学 x 刘羽Leo》(共177P), 按 L034 分P定位; 另有单课切片直链(胶学课程,第三方整理), 见 video_lesson_* 字段"
107,NCE2,35,35,35.Stop Thief,Stop Thief,https://nce.mleo.site/NCE2/35.Stop%20Thief.mp3,https://nce.mleo.site/NCE2/35.Stop%20Thief.lrc,https://85.mleo.site/NCE2/NCE2%281985%20British%20accent%29_35.mp3,https://85.mleo.site/NCE2/NCE2%281985%20British%20accent%29_35.lrc,https://player.bilibili.com/player.html?bvid=BV1cu411r7pw&high_quality=1&autoplay=0,https://www.bilibili.com/video/BV1cu411r7pw/,https://player.bilibili.com/player.html?bvid=BV1Th411E77L&high_quality=1&autoplay=0,https://www.bilibili.com/video/BV1Th411E77L,"官方合集《新概念英语 第二册 L01～L48｜胶学 x 刘羽Leo》(共177P), 按 L035 分P定位; 另有单课切片直链(胶学课程,第三方整理), 见 video_lesson_* 字段"
108,NCE2,36,36,36.Across the Channel,Across the Channel,https://nce.mleo.site/NCE2/36.Across%20the%20Channel.mp3,https://nce.mleo.site/NCE2/36.Across%20the%20Channel.lrc,https://85.mleo.site/NCE2/NCE2%281985%20British%20accent%29_36.mp3,https://85.mleo.site/NCE2/NCE2%281985%20British%20accent%29_36.lrc,https://player.bilibili.com/player.html?bvid=BV1cu411r7pw&high_quality=1&autoplay=0,https://www.bilibili.com/video/BV1cu411r7pw/,https://player.bilibili.com/player.html?bvid=BV1Gv4y1n7K1&high_quality=1&autoplay=0,https://www.bilibili.com/video/BV1Gv4y1n7K1,"官方合集《新概念英语 第二册 L01～L48｜胶学 x 刘羽Leo》(共177P), 按 L036 分P定位; 另有单课切片直链(胶学课程,第三方整理), 见 video_lesson_* 字段"
109,NCE2,37,37,37.The Olympic Games,The Olympic Games,https://nce.mleo.site/NCE2/37.The%20Olympic%20Games.mp3,https://nce.mleo.site/NCE2/37.The%20Olympic%20Games.lrc,https://85.mleo.site/NCE2/NCE2%281985%20British%20accent%29_37.mp3,https://85.mleo.site/NCE2/NCE2%281985%20British%20accent%29_37.lrc,https://player.bilibili.com/player.html?bvid=BV1cu411r7pw&high_quality=1&autoplay=0,https://www.bilibili.com/video/BV1cu411r7pw/,https://player.bilibili.com/player.html?bvid=BV1gL411v73Q&high_quality=1&autoplay=0,https://www.bilibili.com/video/BV1gL411v73Q,"官方合集《新概念英语 第二册 L01～L48｜胶学 x 刘羽Leo》(共177P), 按 L037 分P定位; 另有单课切片直链(胶学课程,第三方整理), 见 video_lesson_* 字段"
110,NCE2,38,38,38.Everything Except the Weather,Everything Except the Weather,https://nce.mleo.site/NCE2/38.Everything%20Except%20the%20Weather.mp3,https://nce.mleo.site/NCE2/38.Everything%20Except%20the%20Weather.lrc,https://85.mleo.site/NCE2/NCE2%281985%20British%20accent%29_38.mp3,https://85.mleo.site/NCE2/NCE2%281985%20British%20accent%29_38.lrc,https://player.bilibili.com/player.html?bvid=BV1cu411r7pw&high_quality=1&autoplay=0,https://www.bilibili.com/video/BV1cu411r7pw/,https://player.bilibili.com/player.html?bvid=BV1xM411V7UN&high_quality=1&autoplay=0,https://www.bilibili.com/video/BV1xM411V7UN,"官方合集《新概念英语 第二册 L01～L48｜胶学 x 刘羽Leo》(共177P), 按 L038 分P定位; 另有单课切片直链(胶学课程,第三方整理), 见 video_lesson_* 字段"
111,NCE2,39,39,39.Am I All Right,Am I All Right,https://nce.mleo.site/NCE2/39.Am%20I%20All%20Right.mp3,https://nce.mleo.site/NCE2/39.Am%20I%20All%20Right.lrc,https://85.mleo.site/NCE2/NCE2%281985%20British%20accent%29_39.mp3,https://85.mleo.site/NCE2/NCE2%281985%20British%20accent%29_39.lrc,https://player.bilibili.com/player.html?bvid=BV1cu411r7pw&high_quality=1&autoplay=0,https://www.bilibili.com/video/BV1cu411r7pw/,https://player.bilibili.com/player.html?bvid=BV1D24y1c78S&high_quality=1&autoplay=0,https://www.bilibili.com/video/BV1D24y1c78S,"官方合集《新概念英语 第二册 L01～L48｜胶学 x 刘羽Leo》(共177P), 按 L039 分P定位; 另有单课切片直链(胶学课程,第三方整理), 见 video_lesson_* 字段"
112,NCE2,40,40,40.Food and Talk,Food and Talk,https://nce.mleo.site/NCE2/40.Food%20and%20Talk.mp3,https://nce.mleo.site/NCE2/40.Food%20and%20Talk.lrc,https://85.mleo.site/NCE2/NCE2%281985%20British%20accent%29_40.mp3,https://85.mleo.site/NCE2/NCE2%281985%20British%20accent%29_40.lrc,https://player.bilibili.com/player.html?bvid=BV1cu411r7pw&high_quality=1&autoplay=0,https://www.bilibili.com/video/BV1cu411r7pw/,https://player.bilibili.com/player.html?bvid=BV1Nv4y1E7vw&high_quality=1&autoplay=0,https://www.bilibili.com/video/BV1Nv4y1E7vw,"官方合集《新概念英语 第二册 L01～L48｜胶学 x 刘羽Leo》(共177P), 按 L040 分P定位; 另有单课切片直链(胶学课程,第三方整理), 见 video_lesson_* 字段"
113,NCE2,41,41,41.Do You Call That a Hat,Do You Call That a Hat,https://nce.mleo.site/NCE2/41.Do%20You%20Call%20That%20a%20Hat.mp3,https://nce.mleo.site/NCE2/41.Do%20You%20Call%20That%20a%20Hat.lrc,https://85.mleo.site/NCE2/NCE2%281985%20British%20accent%29_41.mp3,https://85.mleo.site/NCE2/NCE2%281985%20British%20accent%29_41.lrc,https://player.bilibili.com/player.html?bvid=BV1cu411r7pw&high_quality=1&autoplay=0,https://www.bilibili.com/video/BV1cu411r7pw/,https://player.bilibili.com/player.html?bvid=BV1J24y1c7Qy&high_quality=1&autoplay=0,https://www.bilibili.com/video/BV1J24y1c7Qy,"官方合集《新概念英语 第二册 L01～L48｜胶学 x 刘羽Leo》(共177P), 按 L041 分P定位; 另有单课切片直链(胶学课程,第三方整理), 见 video_lesson_* 字段"
114,NCE2,42,42,42.Not Very Musical,Not Very Musical,https://nce.mleo.site/NCE2/42.Not%20Very%20Musical.mp3,https://nce.mleo.site/NCE2/42.Not%20Very%20Musical.lrc,https://85.mleo.site/NCE2/NCE2%281985%20British%20accent%29_42.mp3,https://85.mleo.site/NCE2/NCE2%281985%20British%20accent%29_42.lrc,https://player.bilibili.com/player.html?bvid=BV1cu411r7pw&high_quality=1&autoplay=0,https://www.bilibili.com/video/BV1cu411r7pw/,https://player.bilibili.com/player.html?bvid=BV1hc411H7ta&high_quality=1&autoplay=0,https://www.bilibili.com/video/BV1hc411H7ta,"官方合集《新概念英语 第二册 L01～L48｜胶学 x 刘羽Leo》(共177P), 按 L042 分P定位; 另有单课切片直链(胶学课程,第三方整理), 见 video_lesson_* 字段"
115,NCE2,43,43,43.Over the South Pole,Over the South Pole,https://nce.mleo.site/NCE2/43.Over%20the%20South%20Pole.mp3,https://nce.mleo.site/NCE2/43.Over%20the%20South%20Pole.lrc,https://85.mleo.site/NCE2/NCE2%281985%20British%20accent%29_43.mp3,https://85.mleo.site/NCE2/NCE2%281985%20British%20accent%29_43.lrc,https://player.bilibili.com/player.html?bvid=BV1cu411r7pw&high_quality=1&autoplay=0,https://www.bilibili.com/video/BV1cu411r7pw/,https://player.bilibili.com/player.html?bvid=BV1Rs4y1d7o6&high_quality=1&autoplay=0,https://www.bilibili.com/video/BV1Rs4y1d7o6,"官方合集《新概念英语 第二册 L01～L48｜胶学 x 刘羽Leo》(共177P), 按 L043 分P定位; 另有单课切片直链(胶学课程,第三方整理), 见 video_lesson_* 字段"
116,NCE2,44,44,44.Through the Forest,Through the Forest,https://nce.mleo.site/NCE2/44.Through%20the%20Forest.mp3,https://nce.mleo.site/NCE2/44.Through%20the%20Forest.lrc,https://85.mleo.site/NCE2/NCE2%281985%20British%20accent%29_44.mp3,https://85.mleo.site/NCE2/NCE2%281985%20British%20accent%29_44.lrc,https://player.bilibili.com/player.html?bvid=BV1cu411r7pw&high_quality=1&autoplay=0,https://www.bilibili.com/video/BV1cu411r7pw/,https://player.bilibili.com/player.html?bvid=BV1rm4y127Ck&high_quality=1&autoplay=0,https://www.bilibili.com/video/BV1rm4y127Ck,"官方合集《新概念英语 第二册 L01～L48｜胶学 x 刘羽Leo》(共177P), 按 L044 分P定位; 另有单课切片直链(胶学课程,第三方整理), 见 video_lesson_* 字段"
117,NCE2,45,45,45.A Clear Conscience,A Clear Conscience,https://nce.mleo.site/NCE2/45.A%20Clear%20Conscience.mp3,https://nce.mleo.site/NCE2/45.A%20Clear%20Conscience.lrc,https://85.mleo.site/NCE2/NCE2%281985%20British%20accent%29_45.mp3,https://85.mleo.site/NCE2/NCE2%281985%20British%20accent%29_45.lrc,https://player.bilibili.com/player.html?bvid=BV1cu411r7pw&high_quality=1&autoplay=0,https://www.bilibili.com/video/BV1cu411r7pw/,https://player.bilibili.com/player.html?bvid=BV1dT411n7Z4&high_quality=1&autoplay=0,https://www.bilibili.com/video/BV1dT411n7Z4,"官方合集《新概念英语 第二册 L01～L48｜胶学 x 刘羽Leo》(共177P), 按 L045 分P定位; 另有单课切片直链(胶学课程,第三方整理), 见 video_lesson_* 字段"
118,NCE2,46,46,46.Expensive and Uncomfortable,Expensive and Uncomfortable,https://nce.mleo.site/NCE2/46.Expensive%20and%20Uncomfortable.mp3,https://nce.mleo.site/NCE2/46.Expensive%20and%20Uncomfortable.lrc,https://85.mleo.site/NCE2/NCE2%281985%20British%20accent%29_46.mp3,https://85.mleo.site/NCE2/NCE2%281985%20British%20accent%29_46.lrc,https://player.bilibili.com/player.html?bvid=BV1cu411r7pw&high_quality=1&autoplay=0,https://www.bilibili.com/video/BV1cu411r7pw/,https://player.bilibili.com/player.html?bvid=BV1Rk4y1J7kH&high_quality=1&autoplay=0,https://www.bilibili.com/video/BV1Rk4y1J7kH,"官方合集《新概念英语 第二册 L01～L48｜胶学 x 刘羽Leo》(共177P), 按 L046 分P定位; 另有单课切片直链(胶学课程,第三方整理), 见 video_lesson_* 字段"
119,NCE2,47,47,47.A Thirsty Ghost,A Thirsty Ghost,https://nce.mleo.site/NCE2/47.A%20Thirsty%20Ghost.mp3,https://nce.mleo.site/NCE2/47.A%20Thirsty%20Ghost.lrc,https://85.mleo.site/NCE2/NCE2%281985%20British%20accent%29_47.mp3,https://85.mleo.site/NCE2/NCE2%281985%20British%20accent%29_47.lrc,https://player.bilibili.com/player.html?bvid=BV1cu411r7pw&high_quality=1&autoplay=0,https://www.bilibili.com/video/BV1cu411r7pw/,https://player.bilibili.com/player.html?bvid=BV1E24y1F7Sr&high_quality=1&autoplay=0,https://www.bilibili.com/video/BV1E24y1F7Sr,"官方合集《新概念英语 第二册 L01～L48｜胶学 x 刘羽Leo》(共177P), 按 L047 分P定位; 另有单课切片直链(胶学课程,第三方整理), 见 video_lesson_* 字段"
120,NCE2,48,48,48.Did You Want to Tell Me Something,Did You Want to Tell Me Something,https://nce.mleo.site/NCE2/48.Did%20You%20Want%20to%20Tell%20Me%20Something.mp3,https://nce.mleo.site/NCE2/48.Did%20You%20Want%20to%20Tell%20Me%20Something.lrc,https://85.mleo.site/NCE2/NCE2%281985%20British%20accent%29_48.mp3,https://85.mleo.site/NCE2/NCE2%281985%20British%20accent%29_48.lrc,https://player.bilibili.com/player.html?bvid=BV1cu411r7pw&high_quality=1&autoplay=0,https://www.bilibili.com/video/BV1cu411r7pw/,https://player.bilibili.com/player.html?bvid=BV1tM4y1a7e2&high_quality=1&autoplay=0,https://www.bilibili.com/video/BV1tM4y1a7e2,"官方合集《新概念英语 第二册 L01～L48｜胶学 x 刘羽Leo》(共177P), 按 L048 分P定位; 另有单课切片直链(胶学课程,第三方整理), 见 video_lesson_* 字段"
121,NCE2,49,49,49.The End of a Dream,The End of a Dream,https://nce.mleo.site/NCE2/49.The%20End%20of%20a%20Dream.mp3,https://nce.mleo.site/NCE2/49.The%20End%20of%20a%20Dream.lrc,https://85.mleo.site/NCE2/NCE2%281985%20British%20accent%29_49.mp3,https://85.mleo.site/NCE2/NCE2%281985%20British%20accent%29_49.lrc,https://player.bilibili.com/player.html?bvid=BV1XA4y1o72C&high_quality=1&autoplay=0,https://www.bilibili.com/video/BV1XA4y1o72C/,https://player.bilibili.com/player.html?bvid=BV11k4y1J7ui&high_quality=1&autoplay=0,https://www.bilibili.com/video/BV11k4y1J7ui,"官方合集《新概念英语 第二册 L49～L96｜胶学 x 刘羽Leo》(共179P), 按 L049 分P定位; 另有单课切片直链(胶学课程,第三方整理), 见 video_lesson_* 字段"
122,NCE2,50,50,50.Taken for a Ride,Taken for a Ride,https://nce.mleo.site/NCE2/50.Taken%20for%20a%20Ride.mp3,https://nce.mleo.site/NCE2/50.Taken%20for%20a%20Ride.lrc,https://85.mleo.site/NCE2/NCE2%281985%20British%20accent%29_50.mp3,https://85.mleo.site/NCE2/NCE2%281985%20British%20accent%29_50.lrc,https://player.bilibili.com/player.html?bvid=BV1XA4y1o72C&high_quality=1&autoplay=0,https://www.bilibili.com/video/BV1XA4y1o72C/,https://player.bilibili.com/player.html?bvid=BV19s4y1c7pB&high_quality=1&autoplay=0,https://www.bilibili.com/video/BV19s4y1c7pB,"官方合集《新概念英语 第二册 L49～L96｜胶学 x 刘羽Leo》(共179P), 按 L050 分P定位; 另有单课切片直链(胶学课程,第三方整理), 见 video_lesson_* 字段"
123,NCE2,51,51,51.Reward for Virtue,Reward for Virtue,https://nce.mleo.site/NCE2/51.Reward%20for%20Virtue.mp3,https://nce.mleo.site/NCE2/51.Reward%20for%20Virtue.lrc,https://85.mleo.site/NCE2/NCE2%281985%20British%20accent%29_51.mp3,https://85.mleo.site/NCE2/NCE2%281985%20British%20accent%29_51.lrc,https://player.bilibili.com/player.html?bvid=BV1XA4y1o72C&high_quality=1&autoplay=0,https://www.bilibili.com/video/BV1XA4y1o72C/,https://player.bilibili.com/player.html?bvid=BV1kP41127Gf&high_quality=1&autoplay=0,https://www.bilibili.com/video/BV1kP41127Gf,"官方合集《新概念英语 第二册 L49～L96｜胶学 x 刘羽Leo》(共179P), 按 L051 分P定位; 另有单课切片直链(胶学课程,第三方整理), 见 video_lesson_* 字段"
124,NCE2,52,52,52.A Pretty Carpet,A Pretty Carpet,https://nce.mleo.site/NCE2/52.A%20Pretty%20Carpet.mp3,https://nce.mleo.site/NCE2/52.A%20Pretty%20Carpet.lrc,https://85.mleo.site/NCE2/NCE2%281985%20British%20accent%29_52.mp3,https://85.mleo.site/NCE2/NCE2%281985%20British%20accent%29_52.lrc,https://player.bilibili.com/player.html?bvid=BV1XA4y1o72C&high_quality=1&autoplay=0,https://www.bilibili.com/video/BV1XA4y1o72C/,https://player.bilibili.com/player.html?bvid=BV1xz4y1Y7MX&high_quality=1&autoplay=0,https://www.bilibili.com/video/BV1xz4y1Y7MX,"官方合集《新概念英语 第二册 L49～L96｜胶学 x 刘羽Leo》(共179P), 按 L052 分P定位; 另有单课切片直链(胶学课程,第三方整理), 见 video_lesson_* 字段"
125,NCE2,53,53,53.Hot Snake,Hot Snake,https://nce.mleo.site/NCE2/53.Hot%20Snake.mp3,https://nce.mleo.site/NCE2/53.Hot%20Snake.lrc,https://85.mleo.site/NCE2/NCE2%281985%20British%20accent%29_53.mp3,https://85.mleo.site/NCE2/NCE2%281985%20British%20accent%29_53.lrc,https://player.bilibili.com/player.html?bvid=BV1XA4y1o72C&high_quality=1&autoplay=0,https://www.bilibili.com/video/BV1XA4y1o72C/,https://player.bilibili.com/player.html?bvid=BV1ST41187jJ&high_quality=1&autoplay=0,https://www.bilibili.com/video/BV1ST41187jJ,"官方合集《新概念英语 第二册 L49～L96｜胶学 x 刘羽Leo》(共179P), 按 L053 分P定位; 另有单课切片直链(胶学课程,第三方整理), 见 video_lesson_* 字段"
126,NCE2,54,54,54.Sticky Fingers,Sticky Fingers,https://nce.mleo.site/NCE2/54.Sticky%20Fingers.mp3,https://nce.mleo.site/NCE2/54.Sticky%20Fingers.lrc,https://85.mleo.site/NCE2/NCE2%281985%20British%20accent%29_54.mp3,https://85.mleo.site/NCE2/NCE2%281985%20British%20accent%29_54.lrc,https://player.bilibili.com/player.html?bvid=BV1XA4y1o72C&high_quality=1&autoplay=0,https://www.bilibili.com/video/BV1XA4y1o72C/,https://player.bilibili.com/player.html?bvid=BV15M411G7jr&high_quality=1&autoplay=0,https://www.bilibili.com/video/BV15M411G7jr,"官方合集《新概念英语 第二册 L49～L96｜胶学 x 刘羽Leo》(共179P), 按 L054 分P定位; 另有单课切片直链(胶学课程,第三方整理), 见 video_lesson_* 字段"
127,NCE2,55,55,55.Not a Gold Mine,Not a Gold Mine,https://nce.mleo.site/NCE2/55.Not%20a%20Gold%20Mine.mp3,https://nce.mleo.site/NCE2/55.Not%20a%20Gold%20Mine.lrc,https://85.mleo.site/NCE2/NCE2%281985%20British%20accent%29_55.mp3,https://85.mleo.site/NCE2/NCE2%281985%20British%20accent%29_55.lrc,https://player.bilibili.com/player.html?bvid=BV1XA4y1o72C&high_quality=1&autoplay=0,https://www.bilibili.com/video/BV1XA4y1o72C/,https://player.bilibili.com/player.html?bvid=BV1vo4y1t78i&high_quality=1&autoplay=0,https://www.bilibili.com/video/BV1vo4y1t78i,"官方合集《新概念英语 第二册 L49～L96｜胶学 x 刘羽Leo》(共179P), 按 L055 分P定位; 另有单课切片直链(胶学课程,第三方整理), 见 video_lesson_* 字段"
128,NCE2,56,56,56.Faster Than Sound,Faster Than Sound,https://nce.mleo.site/NCE2/56.Faster%20Than%20Sound.mp3,https://nce.mleo.site/NCE2/56.Faster%20Than%20Sound.lrc,https://85.mleo.site/NCE2/NCE2%281985%20British%20accent%29_56.mp3,https://85.mleo.site/NCE2/NCE2%281985%20British%20accent%29_56.lrc,https://player.bilibili.com/player.html?bvid=BV1XA4y1o72C&high_quality=1&autoplay=0,https://www.bilibili.com/video/BV1XA4y1o72C/,https://player.bilibili.com/player.html?bvid=BV1Uo4y1t7N8&high_quality=1&autoplay=0,https://www.bilibili.com/video/BV1Uo4y1t7N8,"官方合集《新概念英语 第二册 L49～L96｜胶学 x 刘羽Leo》(共179P), 按 L056 分P定位; 另有单课切片直链(胶学课程,第三方整理), 见 video_lesson_* 字段"
129,NCE2,57,57,"57.Can I Help You, Madam","Can I Help You, Madam",https://nce.mleo.site/NCE2/57.Can%20I%20Help%20You%2C%20Madam.mp3,https://nce.mleo.site/NCE2/57.Can%20I%20Help%20You%2C%20Madam.lrc,https://85.mleo.site/NCE2/NCE2%281985%20British%20accent%29_57.mp3,https://85.mleo.site/NCE2/NCE2%281985%20British%20accent%29_57.lrc,https://player.bilibili.com/player.html?bvid=BV1XA4y1o72C&high_quality=1&autoplay=0,https://www.bilibili.com/video/BV1XA4y1o72C/,https://player.bilibili.com/player.html?bvid=BV15o4y1M75M&high_quality=1&autoplay=0,https://www.bilibili.com/video/BV15o4y1M75M,"官方合集《新概念英语 第二册 L49～L96｜胶学 x 刘羽Leo》(共179P), 按 L057 分P定位; 另有单课切片直链(胶学课程,第三方整理), 见 video_lesson_* 字段"
130,NCE2,58,58,58.A Blessing in Disguise,A Blessing in Disguise,https://nce.mleo.site/NCE2/58.A%20Blessing%20in%20Disguise.mp3,https://nce.mleo.site/NCE2/58.A%20Blessing%20in%20Disguise.lrc,https://85.mleo.site/NCE2/NCE2%281985%20British%20accent%29_58.mp3,https://85.mleo.site/NCE2/NCE2%281985%20British%20accent%29_58.lrc,https://player.bilibili.com/player.html?bvid=BV1XA4y1o72C&high_quality=1&autoplay=0,https://www.bilibili.com/video/BV1XA4y1o72C/,https://player.bilibili.com/player.html?bvid=BV1Vh4y1Z7TE&high_quality=1&autoplay=0,https://www.bilibili.com/video/BV1Vh4y1Z7TE,"官方合集《新概念英语 第二册 L49～L96｜胶学 x 刘羽Leo》(共179P), 按 L058 分P定位; 另有单课切片直链(胶学课程,第三方整理), 见 video_lesson_* 字段"
131,NCE2,59,59,59.In or Out,In or Out,https://nce.mleo.site/NCE2/59.In%20or%20Out.mp3,https://nce.mleo.site/NCE2/59.In%20or%20Out.lrc,https://85.mleo.site/NCE2/NCE2%281985%20British%20accent%29_59.mp3,https://85.mleo.site/NCE2/NCE2%281985%20British%20accent%29_59.lrc,https://player.bilibili.com/player.html?bvid=BV1XA4y1o72C&high_quality=1&autoplay=0,https://www.bilibili.com/video/BV1XA4y1o72C/,https://player.bilibili.com/player.html?bvid=BV1qh4y1474y&high_quality=1&autoplay=0,https://www.bilibili.com/video/BV1qh4y1474y,"官方合集《新概念英语 第二册 L49～L96｜胶学 x 刘羽Leo》(共179P), 按 L059 分P定位; 另有单课切片直链(胶学课程,第三方整理), 见 video_lesson_* 字段"
132,NCE2,60,60,60.The Future,The Future,https://nce.mleo.site/NCE2/60.The%20Future.mp3,https://nce.mleo.site/NCE2/60.The%20Future.lrc,https://85.mleo.site/NCE2/NCE2%281985%20British%20accent%29_60.mp3,https://85.mleo.site/NCE2/NCE2%281985%20British%20accent%29_60.lrc,https://player.bilibili.com/player.html?bvid=BV1XA4y1o72C&high_quality=1&autoplay=0,https://www.bilibili.com/video/BV1XA4y1o72C/,https://player.bilibili.com/player.html?bvid=BV1sz4y1z7zK&high_quality=1&autoplay=0,https://www.bilibili.com/video/BV1sz4y1z7zK,"官方合集《新概念英语 第二册 L49～L96｜胶学 x 刘羽Leo》(共179P), 按 L060 分P定位; 另有单课切片直链(胶学课程,第三方整理), 见 video_lesson_* 字段"
133,NCE2,61,61,61.Trouble with the Hubble,Trouble with the Hubble,https://nce.mleo.site/NCE2/61.Trouble%20with%20the%20Hubble.mp3,https://nce.mleo.site/NCE2/61.Trouble%20with%20the%20Hubble.lrc,https://85.mleo.site/NCE2/NCE2%281985%20British%20accent%29_61.mp3,https://85.mleo.site/NCE2/NCE2%281985%20British%20accent%29_61.lrc,https://player.bilibili.com/player.html?bvid=BV1XA4y1o72C&high_quality=1&autoplay=0,https://www.bilibili.com/video/BV1XA4y1o72C/,https://player.bilibili.com/player.html?bvid=BV1KL411B76W&high_quality=1&autoplay=0,https://www.bilibili.com/video/BV1KL411B76W,"官方合集《新概念英语 第二册 L49～L96｜胶学 x 刘羽Leo》(共179P), 按 L061 分P定位; 另有单课切片直链(胶学课程,第三方整理), 见 video_lesson_* 字段"
134,NCE2,62,62,62.After the Fire,After the Fire,https://nce.mleo.site/NCE2/62.After%20the%20Fire.mp3,https://nce.mleo.site/NCE2/62.After%20the%20Fire.lrc,https://85.mleo.site/NCE2/NCE2%281985%20British%20accent%29_62.mp3,https://85.mleo.site/NCE2/NCE2%281985%20British%20accent%29_62.lrc,https://player.bilibili.com/player.html?bvid=BV1XA4y1o72C&high_quality=1&autoplay=0,https://www.bilibili.com/video/BV1XA4y1o72C/,https://player.bilibili.com/player.html?bvid=BV1cu411x7BR&high_quality=1&autoplay=0,https://www.bilibili.com/video/BV1cu411x7BR,"官方合集《新概念英语 第二册 L49～L96｜胶学 x 刘羽Leo》(共179P), 按 L062 分P定位; 另有单课切片直链(胶学课程,第三方整理), 见 video_lesson_* 字段"
135,NCE2,63,63,63.She Was Not Amused,She Was Not Amused,https://nce.mleo.site/NCE2/63.She%20Was%20Not%20Amused.mp3,https://nce.mleo.site/NCE2/63.She%20Was%20Not%20Amused.lrc,https://85.mleo.site/NCE2/NCE2%281985%20British%20accent%29_63.mp3,https://85.mleo.site/NCE2/NCE2%281985%20British%20accent%29_63.lrc,https://player.bilibili.com/player.html?bvid=BV1XA4y1o72C&high_quality=1&autoplay=0,https://www.bilibili.com/video/BV1XA4y1o72C/,https://player.bilibili.com/player.html?bvid=BV1Wo4y1u7gV&high_quality=1&autoplay=0,https://www.bilibili.com/video/BV1Wo4y1u7gV,"官方合集《新概念英语 第二册 L49～L96｜胶学 x 刘羽Leo》(共179P), 按 L063 分P定位; 另有单课切片直链(胶学课程,第三方整理), 见 video_lesson_* 字段"
136,NCE2,64,64,64.The Channel Tunnel,The Channel Tunnel,https://nce.mleo.site/NCE2/64.The%20Channel%20Tunnel.mp3,https://nce.mleo.site/NCE2/64.The%20Channel%20Tunnel.lrc,https://85.mleo.site/NCE2/NCE2%281985%20British%20accent%29_64.mp3,https://85.mleo.site/NCE2/NCE2%281985%20British%20accent%29_64.lrc,https://player.bilibili.com/player.html?bvid=BV1XA4y1o72C&high_quality=1&autoplay=0,https://www.bilibili.com/video/BV1XA4y1o72C/,https://player.bilibili.com/player.html?bvid=BV1VM4y1e7aV&high_quality=1&autoplay=0,https://www.bilibili.com/video/BV1VM4y1e7aV,"官方合集《新概念英语 第二册 L49～L96｜胶学 x 刘羽Leo》(共179P), 按 L064 分P定位; 另有单课切片直链(胶学课程,第三方整理), 见 video_lesson_* 字段"
137,NCE2,65,65,65.Jumbo Versus the Police,Jumbo Versus the Police,https://nce.mleo.site/NCE2/65.Jumbo%20Versus%20the%20Police.mp3,https://nce.mleo.site/NCE2/65.Jumbo%20Versus%20the%20Police.lrc,https://85.mleo.site/NCE2/NCE2%281985%20British%20accent%29_65.mp3,https://85.mleo.site/NCE2/NCE2%281985%20British%20accent%29_65.lrc,https://player.bilibili.com/player.html?bvid=BV1XA4y1o72C&high_quality=1&autoplay=0,https://www.bilibili.com/video/BV1XA4y1o72C/,https://player.bilibili.com/player.html?bvid=BV13k4y1p7mh&high_quality=1&autoplay=0,https://www.bilibili.com/video/BV13k4y1p7mh,"官方合集《新概念英语 第二册 L49～L96｜胶学 x 刘羽Leo》(共179P), 按 L065 分P定位; 另有单课切片直链(胶学课程,第三方整理), 见 video_lesson_* 字段"
138,NCE2,66,66,66.Sweet as Honey,Sweet as Honey,https://nce.mleo.site/NCE2/66.Sweet%20as%20Honey.mp3,https://nce.mleo.site/NCE2/66.Sweet%20as%20Honey.lrc,https://85.mleo.site/NCE2/NCE2%281985%20British%20accent%29_66.mp3,https://85.mleo.site/NCE2/NCE2%281985%20British%20accent%29_66.lrc,https://player.bilibili.com/player.html?bvid=BV1XA4y1o72C&high_quality=1&autoplay=0,https://www.bilibili.com/video/BV1XA4y1o72C/,https://player.bilibili.com/player.html?bvid=BV1r8411o7HU&high_quality=1&autoplay=0,https://www.bilibili.com/video/BV1r8411o7HU,"官方合集《新概念英语 第二册 L49～L96｜胶学 x 刘羽Leo》(共179P), 按 L066 分P定位; 另有单课切片直链(胶学课程,第三方整理), 见 video_lesson_* 字段"
139,NCE2,67,67,67.Volcanoes,Volcanoes,https://nce.mleo.site/NCE2/67.Volcanoes.mp3,https://nce.mleo.site/NCE2/67.Volcanoes.lrc,https://85.mleo.site/NCE2/NCE2%281985%20British%20accent%29_67.mp3,https://85.mleo.site/NCE2/NCE2%281985%20British%20accent%29_67.lrc,https://player.bilibili.com/player.html?bvid=BV1XA4y1o72C&high_quality=1&autoplay=0,https://www.bilibili.com/video/BV1XA4y1o72C/,https://player.bilibili.com/player.html?bvid=BV1Uo4y1E7Pg&high_quality=1&autoplay=0,https://www.bilibili.com/video/BV1Uo4y1E7Pg,"官方合集《新概念英语 第二册 L49～L96｜胶学 x 刘羽Leo》(共179P), 按 L067 分P定位; 另有单课切片直链(胶学课程,第三方整理), 见 video_lesson_* 字段"
140,NCE2,68,68,68.Persistent,Persistent,https://nce.mleo.site/NCE2/68.Persistent.mp3,https://nce.mleo.site/NCE2/68.Persistent.lrc,https://85.mleo.site/NCE2/NCE2%281985%20British%20accent%29_68.mp3,https://85.mleo.site/NCE2/NCE2%281985%20British%20accent%29_68.lrc,https://player.bilibili.com/player.html?bvid=BV1XA4y1o72C&high_quality=1&autoplay=0,https://www.bilibili.com/video/BV1XA4y1o72C/,https://player.bilibili.com/player.html?bvid=BV1JP411B7s2&high_quality=1&autoplay=0,https://www.bilibili.com/video/BV1JP411B7s2,"官方合集《新概念英语 第二册 L49～L96｜胶学 x 刘羽Leo》(共179P), 按 L068 分P定位; 另有单课切片直链(胶学课程,第三方整理), 见 video_lesson_* 字段"
141,NCE2,69,69,69.But not Murder,But not Murder,https://nce.mleo.site/NCE2/69.But%20not%20Murder.mp3,https://nce.mleo.site/NCE2/69.But%20not%20Murder.lrc,https://85.mleo.site/NCE2/NCE2%281985%20British%20accent%29_69.mp3,https://85.mleo.site/NCE2/NCE2%281985%20British%20accent%29_69.lrc,https://player.bilibili.com/player.html?bvid=BV1XA4y1o72C&high_quality=1&autoplay=0,https://www.bilibili.com/video/BV1XA4y1o72C/,https://player.bilibili.com/player.html?bvid=BV1m8411Z7hN&high_quality=1&autoplay=0,https://www.bilibili.com/video/BV1m8411Z7hN,"官方合集《新概念英语 第二册 L49～L96｜胶学 x 刘羽Leo》(共179P), 按 L069 分P定位; 另有单课切片直链(胶学课程,第三方整理), 见 video_lesson_* 字段"
142,NCE2,70,70,70.Red for Danger,Red for Danger,https://nce.mleo.site/NCE2/70.Red%20for%20Danger.mp3,https://nce.mleo.site/NCE2/70.Red%20for%20Danger.lrc,https://85.mleo.site/NCE2/NCE2%281985%20British%20accent%29_70.mp3,https://85.mleo.site/NCE2/NCE2%281985%20British%20accent%29_70.lrc,https://player.bilibili.com/player.html?bvid=BV1XA4y1o72C&high_quality=1&autoplay=0,https://www.bilibili.com/video/BV1XA4y1o72C/,https://player.bilibili.com/player.html?bvid=BV1NN411k7xd&high_quality=1&autoplay=0,https://www.bilibili.com/video/BV1NN411k7xd,"官方合集《新概念英语 第二册 L49～L96｜胶学 x 刘羽Leo》(共179P), 按 L070 分P定位; 另有单课切片直链(胶学课程,第三方整理), 见 video_lesson_* 字段"
143,NCE2,71,71,71.A Famous Clock,A Famous Clock,https://nce.mleo.site/NCE2/71.A%20Famous%20Clock.mp3,https://nce.mleo.site/NCE2/71.A%20Famous%20Clock.lrc,https://85.mleo.site/NCE2/NCE2%281985%20British%20accent%29_71.mp3,https://85.mleo.site/NCE2/NCE2%281985%20British%20accent%29_71.lrc,https://player.bilibili.com/player.html?bvid=BV1XA4y1o72C&high_quality=1&autoplay=0,https://www.bilibili.com/video/BV1XA4y1o72C/,https://player.bilibili.com/player.html?bvid=BV1du411a7w2&high_quality=1&autoplay=0,https://www.bilibili.com/video/BV1du411a7w2,"官方合集《新概念英语 第二册 L49～L96｜胶学 x 刘羽Leo》(共179P), 按 L071 分P定位; 另有单课切片直链(胶学课程,第三方整理), 见 video_lesson_* 字段"
144,NCE2,72,72,72.A Car Called Bluebird,A Car Called Bluebird,https://nce.mleo.site/NCE2/72.A%20Car%20Called%20Bluebird.mp3,https://nce.mleo.site/NCE2/72.A%20Car%20Called%20Bluebird.lrc,https://85.mleo.site/NCE2/NCE2%281985%20British%20accent%29_72.mp3,https://85.mleo.site/NCE2/NCE2%281985%20British%20accent%29_72.lrc,https://player.bilibili.com/player.html?bvid=BV1XA4y1o72C&high_quality=1&autoplay=0,https://www.bilibili.com/video/BV1XA4y1o72C/,https://player.bilibili.com/player.html?bvid=BV1QN411r7YM&high_quality=1&autoplay=0,https://www.bilibili.com/video/BV1QN411r7YM,"官方合集《新概念英语 第二册 L49～L96｜胶学 x 刘羽Leo》(共179P), 按 L072 分P定位; 另有单课切片直链(胶学课程,第三方整理), 见 video_lesson_* 字段"
145,NCE2,73,73,73.The Record-Holder,The Record-Holder,https://nce.mleo.site/NCE2/73.The%20Record-Holder.mp3,https://nce.mleo.site/NCE2/73.The%20Record-Holder.lrc,https://85.mleo.site/NCE2/NCE2%281985%20British%20accent%29_73.mp3,https://85.mleo.site/NCE2/NCE2%281985%20British%20accent%29_73.lrc,https://player.bilibili.com/player.html?bvid=BV1XA4y1o72C&high_quality=1&autoplay=0,https://www.bilibili.com/video/BV1XA4y1o72C/,https://player.bilibili.com/player.html?bvid=BV11j411Q7nd&high_quality=1&autoplay=0,https://www.bilibili.com/video/BV11j411Q7nd,"官方合集《新概念英语 第二册 L49～L96｜胶学 x 刘羽Leo》(共179P), 按 L073 分P定位; 另有单课切片直链(胶学课程,第三方整理), 见 video_lesson_* 字段"
146,NCE2,74,74,74.Out of the Limelight,Out of the Limelight,https://nce.mleo.site/NCE2/74.Out%20of%20the%20Limelight.mp3,https://nce.mleo.site/NCE2/74.Out%20of%20the%20Limelight.lrc,https://85.mleo.site/NCE2/NCE2%281985%20British%20accent%29_74.mp3,https://85.mleo.site/NCE2/NCE2%281985%20British%20accent%29_74.lrc,https://player.bilibili.com/player.html?bvid=BV1XA4y1o72C&high_quality=1&autoplay=0,https://www.bilibili.com/video/BV1XA4y1o72C/,https://player.bilibili.com/player.html?bvid=BV1fh411K7w1&high_quality=1&autoplay=0,https://www.bilibili.com/video/BV1fh411K7w1,"官方合集《新概念英语 第二册 L49～L96｜胶学 x 刘羽Leo》(共179P), 按 L074 分P定位; 另有单课切片直链(胶学课程,第三方整理), 见 video_lesson_* 字段"
147,NCE2,75,75,75.SOS,SOS,https://nce.mleo.site/NCE2/75.SOS.mp3,https://nce.mleo.site/NCE2/75.SOS.lrc,https://85.mleo.site/NCE2/NCE2%281985%20British%20accent%29_75.mp3,https://85.mleo.site/NCE2/NCE2%281985%20British%20accent%29_75.lrc,https://player.bilibili.com/player.html?bvid=BV1XA4y1o72C&high_quality=1&autoplay=0,https://www.bilibili.com/video/BV1XA4y1o72C/,https://player.bilibili.com/player.html?bvid=BV1sh411T7vU&high_quality=1&autoplay=0,https://www.bilibili.com/video/BV1sh411T7vU,"官方合集《新概念英语 第二册 L49～L96｜胶学 x 刘羽Leo》(共179P), 按 L075 分P定位; 另有单课切片直链(胶学课程,第三方整理), 见 video_lesson_* 字段"
148,NCE2,76,76,76.April Fools' Day,April Fools' Day,https://nce.mleo.site/NCE2/76.April%20Fools%27%20Day.mp3,https://nce.mleo.site/NCE2/76.April%20Fools%27%20Day.lrc,https://85.mleo.site/NCE2/NCE2%281985%20British%20accent%29_76.mp3,https://85.mleo.site/NCE2/NCE2%281985%20British%20accent%29_76.lrc,https://player.bilibili.com/player.html?bvid=BV1XA4y1o72C&high_quality=1&autoplay=0,https://www.bilibili.com/video/BV1XA4y1o72C/,https://player.bilibili.com/player.html?bvid=BV1bo4y1N7ti&high_quality=1&autoplay=0,https://www.bilibili.com/video/BV1bo4y1N7ti,"官方合集《新概念英语 第二册 L49～L96｜胶学 x 刘羽Leo》(共179P), 按 L076 分P定位; 另有单课切片直链(胶学课程,第三方整理), 见 video_lesson_* 字段"
149,NCE2,77,77,77.A Successful Operation,A Successful Operation,https://nce.mleo.site/NCE2/77.A%20Successful%20Operation.mp3,https://nce.mleo.site/NCE2/77.A%20Successful%20Operation.lrc,https://85.mleo.site/NCE2/NCE2%281985%20British%20accent%29_77.mp3,https://85.mleo.site/NCE2/NCE2%281985%20British%20accent%29_77.lrc,https://player.bilibili.com/player.html?bvid=BV1XA4y1o72C&high_quality=1&autoplay=0,https://www.bilibili.com/video/BV1XA4y1o72C/,https://player.bilibili.com/player.html?bvid=BV1fM4y1Y7R9&high_quality=1&autoplay=0,https://www.bilibili.com/video/BV1fM4y1Y7R9,"官方合集《新概念英语 第二册 L49～L96｜胶学 x 刘羽Leo》(共179P), 按 L077 分P定位; 另有单课切片直链(胶学课程,第三方整理), 见 video_lesson_* 字段"
150,NCE2,78,78,78.The Last One,The Last One,https://nce.mleo.site/NCE2/78.The%20Last%20One.mp3,https://nce.mleo.site/NCE2/78.The%20Last%20One.lrc,https://85.mleo.site/NCE2/NCE2%281985%20British%20accent%29_78.mp3,https://85.mleo.site/NCE2/NCE2%281985%20British%20accent%29_78.lrc,https://player.bilibili.com/player.html?bvid=BV1XA4y1o72C&high_quality=1&autoplay=0,https://www.bilibili.com/video/BV1XA4y1o72C/,https://player.bilibili.com/player.html?bvid=BV1Gh411T72e&high_quality=1&autoplay=0,https://www.bilibili.com/video/BV1Gh411T72e,"官方合集《新概念英语 第二册 L49～L96｜胶学 x 刘羽Leo》(共179P), 按 L078 分P定位; 另有单课切片直链(胶学课程,第三方整理), 见 video_lesson_* 字段"
151,NCE2,79,79,79.By Air,By Air,https://nce.mleo.site/NCE2/79.By%20Air.mp3,https://nce.mleo.site/NCE2/79.By%20Air.lrc,https://85.mleo.site/NCE2/NCE2%281985%20British%20accent%29_79.mp3,https://85.mleo.site/NCE2/NCE2%281985%20British%20accent%29_79.lrc,https://player.bilibili.com/player.html?bvid=BV1XA4y1o72C&high_quality=1&autoplay=0,https://www.bilibili.com/video/BV1XA4y1o72C/,https://player.bilibili.com/player.html?bvid=BV16s4y1y723&high_quality=1&autoplay=0,https://www.bilibili.com/video/BV16s4y1y723,"官方合集《新概念英语 第二册 L49～L96｜胶学 x 刘羽Leo》(共179P), 按 L079 分P定位; 另有单课切片直链(胶学课程,第三方整理), 见 video_lesson_* 字段"
152,NCE2,80,80,80.The Crystal Palace,The Crystal Palace,https://nce.mleo.site/NCE2/80.The%20Crystal%20Palace.mp3,https://nce.mleo.site/NCE2/80.The%20Crystal%20Palace.lrc,https://85.mleo.site/NCE2/NCE2%281985%20British%20accent%29_80.mp3,https://85.mleo.site/NCE2/NCE2%281985%20British%20accent%29_80.lrc,https://player.bilibili.com/player.html?bvid=BV1XA4y1o72C&high_quality=1&autoplay=0,https://www.bilibili.com/video/BV1XA4y1o72C/,https://player.bilibili.com/player.html?bvid=BV1Es4y1y7HV&high_quality=1&autoplay=0,https://www.bilibili.com/video/BV1Es4y1y7HV,"官方合集《新概念英语 第二册 L49～L96｜胶学 x 刘羽Leo》(共179P), 按 L080 分P定位; 另有单课切片直链(胶学课程,第三方整理), 见 video_lesson_* 字段"
153,NCE2,81,81,81.Escape,Escape,https://nce.mleo.site/NCE2/81.Escape.mp3,https://nce.mleo.site/NCE2/81.Escape.lrc,https://85.mleo.site/NCE2/NCE2%281985%20British%20accent%29_81.mp3,https://85.mleo.site/NCE2/NCE2%281985%20British%20accent%29_81.lrc,https://player.bilibili.com/player.html?bvid=BV1XA4y1o72C&high_quality=1&autoplay=0,https://www.bilibili.com/video/BV1XA4y1o72C/,https://player.bilibili.com/player.html?bvid=BV1pm4y1a7j1&high_quality=1&autoplay=0,https://www.bilibili.com/video/BV1pm4y1a7j1,"官方合集《新概念英语 第二册 L49～L96｜胶学 x 刘羽Leo》(共179P), 按 L081 分P定位; 另有单课切片直链(胶学课程,第三方整理), 见 video_lesson_* 字段"
154,NCE2,82,82,82.Monster or Fish,Monster or Fish,https://nce.mleo.site/NCE2/82.Monster%20or%20Fish.mp3,https://nce.mleo.site/NCE2/82.Monster%20or%20Fish.lrc,https://85.mleo.site/NCE2/NCE2%281985%20British%20accent%29_82.mp3,https://85.mleo.site/NCE2/NCE2%281985%20British%20accent%29_82.lrc,https://player.bilibili.com/player.html?bvid=BV1XA4y1o72C&high_quality=1&autoplay=0,https://www.bilibili.com/video/BV1XA4y1o72C/,https://player.bilibili.com/player.html?bvid=BV1Pj411S79G&high_quality=1&autoplay=0,https://www.bilibili.com/video/BV1Pj411S79G,"官方合集《新概念英语 第二册 L49～L96｜胶学 x 刘羽Leo》(共179P), 按 L082 分P定位; 另有单课切片直链(胶学课程,第三方整理), 见 video_lesson_* 字段"
155,NCE2,83,83,83.After the Elections,After the Elections,https://nce.mleo.site/NCE2/83.After%20the%20Elections.mp3,https://nce.mleo.site/NCE2/83.After%20the%20Elections.lrc,https://85.mleo.site/NCE2/NCE2%281985%20British%20accent%29_83.mp3,https://85.mleo.site/NCE2/NCE2%281985%20British%20accent%29_83.lrc,https://player.bilibili.com/player.html?bvid=BV1XA4y1o72C&high_quality=1&autoplay=0,https://www.bilibili.com/video/BV1XA4y1o72C/,https://player.bilibili.com/player.html?bvid=BV1Ru411t7VM&high_quality=1&autoplay=0,https://www.bilibili.com/video/BV1Ru411t7VM,"官方合集《新概念英语 第二册 L49～L96｜胶学 x 刘羽Leo》(共179P), 按 L083 分P定位; 另有单课切片直链(胶学课程,第三方整理), 见 video_lesson_* 字段"
156,NCE2,84,84,84.On Strike,On Strike,https://nce.mleo.site/NCE2/84.On%20Strike.mp3,https://nce.mleo.site/NCE2/84.On%20Strike.lrc,https://85.mleo.site/NCE2/NCE2%281985%20British%20accent%29_84.mp3,https://85.mleo.site/NCE2/NCE2%281985%20British%20accent%29_84.lrc,https://player.bilibili.com/player.html?bvid=BV1XA4y1o72C&high_quality=1&autoplay=0,https://www.bilibili.com/video/BV1XA4y1o72C/,https://player.bilibili.com/player.html?bvid=BV1wF411o73s&high_quality=1&autoplay=0,https://www.bilibili.com/video/BV1wF411o73s,"官方合集《新概念英语 第二册 L49～L96｜胶学 x 刘羽Leo》(共179P), 按 L084 分P定位; 另有单课切片直链(胶学课程,第三方整理), 见 video_lesson_* 字段"
157,NCE2,85,85,85.Never Too Old To Learn,Never Too Old To Learn,https://nce.mleo.site/NCE2/85.Never%20Too%20Old%20To%20Learn.mp3,https://nce.mleo.site/NCE2/85.Never%20Too%20Old%20To%20Learn.lrc,https://85.mleo.site/NCE2/NCE2%281985%20British%20accent%29_85.mp3,https://85.mleo.site/NCE2/NCE2%281985%20British%20accent%29_85.lrc,https://player.bilibili.com/player.html?bvid=BV1XA4y1o72C&high_quality=1&autoplay=0,https://www.bilibili.com/video/BV1XA4y1o72C/,https://player.bilibili.com/player.html?bvid=BV14X4y1v7q4&high_quality=1&autoplay=0,https://www.bilibili.com/video/BV14X4y1v7q4,"官方合集《新概念英语 第二册 L49～L96｜胶学 x 刘羽Leo》(共179P), 按 L085 分P定位; 另有单课切片直链(胶学课程,第三方整理), 见 video_lesson_* 字段"
158,NCE2,86,86,86.Out of Control,Out of Control,https://nce.mleo.site/NCE2/86.Out%20of%20Control.mp3,https://nce.mleo.site/NCE2/86.Out%20of%20Control.lrc,https://85.mleo.site/NCE2/NCE2%281985%20British%20accent%29_86.mp3,https://85.mleo.site/NCE2/NCE2%281985%20British%20accent%29_86.lrc,https://player.bilibili.com/player.html?bvid=BV1XA4y1o72C&high_quality=1&autoplay=0,https://www.bilibili.com/video/BV1XA4y1o72C/,https://player.bilibili.com/player.html?bvid=BV1is4y1r7hn&high_quality=1&autoplay=0,https://www.bilibili.com/video/BV1is4y1r7hn,"官方合集《新概念英语 第二册 L49～L96｜胶学 x 刘羽Leo》(共179P), 按 L086 分P定位; 另有单课切片直链(胶学课程,第三方整理), 见 video_lesson_* 字段"
159,NCE2,87,87,87.A Perfect Alibi,A Perfect Alibi,https://nce.mleo.site/NCE2/87.A%20Perfect%20Alibi.mp3,https://nce.mleo.site/NCE2/87.A%20Perfect%20Alibi.lrc,https://85.mleo.site/NCE2/NCE2%281985%20British%20accent%29_87.mp3,https://85.mleo.site/NCE2/NCE2%281985%20British%20accent%29_87.lrc,https://player.bilibili.com/player.html?bvid=BV1XA4y1o72C&high_quality=1&autoplay=0,https://www.bilibili.com/video/BV1XA4y1o72C/,https://player.bilibili.com/player.html?bvid=BV15h411N7bR&high_quality=1&autoplay=0,https://www.bilibili.com/video/BV15h411N7bR,"官方合集《新概念英语 第二册 L49～L96｜胶学 x 刘羽Leo》(共179P), 按 L087 分P定位; 另有单课切片直链(胶学课程,第三方整理), 见 video_lesson_* 字段"
160,NCE2,88,88,88.Trapped in a Mine,Trapped in a Mine,https://nce.mleo.site/NCE2/88.Trapped%20in%20a%20Mine.mp3,https://nce.mleo.site/NCE2/88.Trapped%20in%20a%20Mine.lrc,https://85.mleo.site/NCE2/NCE2%281985%20British%20accent%29_88.mp3,https://85.mleo.site/NCE2/NCE2%281985%20British%20accent%29_88.lrc,https://player.bilibili.com/player.html?bvid=BV1XA4y1o72C&high_quality=1&autoplay=0,https://www.bilibili.com/video/BV1XA4y1o72C/,https://player.bilibili.com/player.html?bvid=BV1Yh411N71p&high_quality=1&autoplay=0,https://www.bilibili.com/video/BV1Yh411N71p,"官方合集《新概念英语 第二册 L49～L96｜胶学 x 刘羽Leo》(共179P), 按 L088 分P定位; 另有单课切片直链(胶学课程,第三方整理), 见 video_lesson_* 字段"
161,NCE2,89,89,89.A Slip of the Tongue,A Slip of the Tongue,https://nce.mleo.site/NCE2/89.A%20Slip%20of%20the%20Tongue.mp3,https://nce.mleo.site/NCE2/89.A%20Slip%20of%20the%20Tongue.lrc,https://85.mleo.site/NCE2/NCE2%281985%20British%20accent%29_89.mp3,https://85.mleo.site/NCE2/NCE2%281985%20British%20accent%29_89.lrc,https://player.bilibili.com/player.html?bvid=BV1XA4y1o72C&high_quality=1&autoplay=0,https://www.bilibili.com/video/BV1XA4y1o72C/,https://player.bilibili.com/player.html?bvid=BV19X4y1v7SH&high_quality=1&autoplay=0,https://www.bilibili.com/video/BV19X4y1v7SH,"官方合集《新概念英语 第二册 L49～L96｜胶学 x 刘羽Leo》(共179P), 按 L089 分P定位; 另有单课切片直链(胶学课程,第三方整理), 见 video_lesson_* 字段"
162,NCE2,90,90,90.What's for Supper,What's for Supper,https://nce.mleo.site/NCE2/90.What%27s%20for%20Supper.mp3,https://nce.mleo.site/NCE2/90.What%27s%20for%20Supper.lrc,https://85.mleo.site/NCE2/NCE2%281985%20British%20accent%29_90.mp3,https://85.mleo.site/NCE2/NCE2%281985%20British%20accent%29_90.lrc,https://player.bilibili.com/player.html?bvid=BV1XA4y1o72C&high_quality=1&autoplay=0,https://www.bilibili.com/video/BV1XA4y1o72C/,https://player.bilibili.com/player.html?bvid=BV1gm4y1J7J9&high_quality=1&autoplay=0,https://www.bilibili.com/video/BV1gm4y1J7J9,"官方合集《新概念英语 第二册 L49～L96｜胶学 x 刘羽Leo》(共179P), 按 L090 分P定位; 另有单课切片直链(胶学课程,第三方整理), 见 video_lesson_* 字段"
163,NCE2,91,91,91.Three Men in a Basket,Three Men in a Basket,https://nce.mleo.site/NCE2/91.Three%20Men%20in%20a%20Basket.mp3,https://nce.mleo.site/NCE2/91.Three%20Men%20in%20a%20Basket.lrc,https://85.mleo.site/NCE2/NCE2%281985%20British%20accent%29_91.mp3,https://85.mleo.site/NCE2/NCE2%281985%20British%20accent%29_91.lrc,https://player.bilibili.com/player.html?bvid=BV1XA4y1o72C&high_quality=1&autoplay=0,https://www.bilibili.com/video/BV1XA4y1o72C/,https://player.bilibili.com/player.html?bvid=BV1vm4y1J7ZK&high_quality=1&autoplay=0,https://www.bilibili.com/video/BV1vm4y1J7ZK,"官方合集《新概念英语 第二册 L49～L96｜胶学 x 刘羽Leo》(共179P), 按 L091 分P定位; 另有单课切片直链(胶学课程,第三方整理), 见 video_lesson_* 字段"
164,NCE2,92,92,92.Asking for Trouble,Asking for Trouble,https://nce.mleo.site/NCE2/92.Asking%20for%20Trouble.mp3,https://nce.mleo.site/NCE2/92.Asking%20for%20Trouble.lrc,https://85.mleo.site/NCE2/NCE2%281985%20British%20accent%29_92.mp3,https://85.mleo.site/NCE2/NCE2%281985%20British%20accent%29_92.lrc,https://player.bilibili.com/player.html?bvid=BV1XA4y1o72C&high_quality=1&autoplay=0,https://www.bilibili.com/video/BV1XA4y1o72C/,https://player.bilibili.com/player.html?bvid=BV1BW4y1f7mZ&high_quality=1&autoplay=0,https://www.bilibili.com/video/BV1BW4y1f7mZ,"官方合集《新概念英语 第二册 L49～L96｜胶学 x 刘羽Leo》(共179P), 按 L092 分P定位; 另有单课切片直链(胶学课程,第三方整理), 见 video_lesson_* 字段"
165,NCE2,93,93,93.A Noble Gift,A Noble Gift,https://nce.mleo.site/NCE2/93.A%20Noble%20Gift.mp3,https://nce.mleo.site/NCE2/93.A%20Noble%20Gift.lrc,https://85.mleo.site/NCE2/NCE2%281985%20British%20accent%29_93.mp3,https://85.mleo.site/NCE2/NCE2%281985%20British%20accent%29_93.lrc,https://player.bilibili.com/player.html?bvid=BV1XA4y1o72C&high_quality=1&autoplay=0,https://www.bilibili.com/video/BV1XA4y1o72C/,https://player.bilibili.com/player.html?bvid=BV1vj411Z7Gp&high_quality=1&autoplay=0,https://www.bilibili.com/video/BV1vj411Z7Gp,"官方合集《新概念英语 第二册 L49～L96｜胶学 x 刘羽Leo》(共179P), 按 L093 分P定位; 另有单课切片直链(胶学课程,第三方整理), 见 video_lesson_* 字段"
166,NCE2,94,94,94.Future Champions,Future Champions,https://nce.mleo.site/NCE2/94.Future%20Champions.mp3,https://nce.mleo.site/NCE2/94.Future%20Champions.lrc,https://85.mleo.site/NCE2/NCE2%281985%20British%20accent%29_94.mp3,https://85.mleo.site/NCE2/NCE2%281985%20British%20accent%29_94.lrc,https://player.bilibili.com/player.html?bvid=BV1XA4y1o72C&high_quality=1&autoplay=0,https://www.bilibili.com/video/BV1XA4y1o72C/,https://player.bilibili.com/player.html?bvid=BV1Nh4y1j7zo&high_quality=1&autoplay=0,https://www.bilibili.com/video/BV1Nh4y1j7zo,"官方合集《新概念英语 第二册 L49～L96｜胶学 x 刘羽Leo》(共179P), 按 L094 分P定位; 另有单课切片直链(胶学课程,第三方整理), 见 video_lesson_* 字段"
167,NCE2,95,95,95.A Fantasy,A Fantasy,https://nce.mleo.site/NCE2/95.A%20Fantasy.mp3,https://nce.mleo.site/NCE2/95.A%20Fantasy.lrc,https://85.mleo.site/NCE2/NCE2%281985%20British%20accent%29_95.mp3,https://85.mleo.site/NCE2/NCE2%281985%20British%20accent%29_95.lrc,https://player.bilibili.com/player.html?bvid=BV1XA4y1o72C&high_quality=1&autoplay=0,https://www.bilibili.com/video/BV1XA4y1o72C/,https://player.bilibili.com/player.html?bvid=BV1WV4y1b7QE&high_quality=1&autoplay=0,https://www.bilibili.com/video/BV1WV4y1b7QE,"官方合集《新概念英语 第二册 L49～L96｜胶学 x 刘羽Leo》(共179P), 按 L095 分P定位; 另有单课切片直链(胶学课程,第三方整理), 见 video_lesson_* 字段"
168,NCE2,96,96,96.The Dead Return,The Dead Return,https://nce.mleo.site/NCE2/96.The%20Dead%20Return.mp3,https://nce.mleo.site/NCE2/96.The%20Dead%20Return.lrc,https://85.mleo.site/NCE2/NCE2%281985%20British%20accent%29_96.mp3,https://85.mleo.site/NCE2/NCE2%281985%20British%20accent%29_96.lrc,https://player.bilibili.com/player.html?bvid=BV1XA4y1o72C&high_quality=1&autoplay=0,https://www.bilibili.com/video/BV1XA4y1o72C/,https://player.bilibili.com/player.html?bvid=BV1FX4y1Y7XZ&high_quality=1&autoplay=0,https://www.bilibili.com/video/BV1FX4y1Y7XZ,"官方合集《新概念英语 第二册 L49～L96｜胶学 x 刘羽Leo》(共179P), 按 L096 分P定位; 另有单课切片直链(胶学课程,第三方整理), 见 video_lesson_* 字段"
169,NCE3,1,01,01.A Puma at Large,A Puma at Large,https://nce.mleo.site/NCE3/01.A%20Puma%20at%20Large.mp3,https://nce.mleo.site/NCE3/01.A%20Puma%20at%20Large.lrc,https://85.mleo.site/NCE3/NCE3%281985%20British%20accent%29_01.mp3,https://85.mleo.site/NCE3/NCE3%281985%20British%20accent%29_01.lrc,https://player.bilibili.com/player.html?bvid=BV1zY4y187cK&high_quality=1&autoplay=0,https://www.bilibili.com/video/BV1zY4y187cK/,https://player.bilibili.com/player.html?bvid=BV1Y341127d8&high_quality=1&autoplay=0,https://www.bilibili.com/video/BV1Y341127d8,官方合集已含; 官方合集《新概念英语 第三册 更新至47课｜胶学 x 刘羽Leo》共155P; 单课切片直链见 video_lesson_* 字段
170,NCE3,2,02,02.Thirteen Equals One,Thirteen Equals One,https://nce.mleo.site/NCE3/02.Thirteen%20Equals%20One.mp3,https://nce.mleo.site/NCE3/02.Thirteen%20Equals%20One.lrc,https://85.mleo.site/NCE3/NCE3%281985%20British%20accent%29_02.mp3,https://85.mleo.site/NCE3/NCE3%281985%20British%20accent%29_02.lrc,https://player.bilibili.com/player.html?bvid=BV1zY4y187cK&high_quality=1&autoplay=0,https://www.bilibili.com/video/BV1zY4y187cK/,https://player.bilibili.com/player.html?bvid=BV1RU4y1A7y1&high_quality=1&autoplay=0,https://www.bilibili.com/video/BV1RU4y1A7y1,官方合集已含; 官方合集《新概念英语 第三册 更新至47课｜胶学 x 刘羽Leo》共155P; 单课切片直链见 video_lesson_* 字段
171,NCE3,3,03,03.An Unknown Goddess,An Unknown Goddess,https://nce.mleo.site/NCE3/03.An%20Unknown%20Goddess.mp3,https://nce.mleo.site/NCE3/03.An%20Unknown%20Goddess.lrc,https://85.mleo.site/NCE3/NCE3%281985%20British%20accent%29_03.mp3,https://85.mleo.site/NCE3/NCE3%281985%20British%20accent%29_03.lrc,https://player.bilibili.com/player.html?bvid=BV1zY4y187cK&high_quality=1&autoplay=0,https://www.bilibili.com/video/BV1zY4y187cK/,https://player.bilibili.com/player.html?bvid=BV1rU4y1A7XQ&high_quality=1&autoplay=0,https://www.bilibili.com/video/BV1rU4y1A7XQ,官方合集已含; 官方合集《新概念英语 第三册 更新至47课｜胶学 x 刘羽Leo》共155P; 单课切片直链见 video_lesson_* 字段
172,NCE3,4,04,04.The Double Life of Alfred Bloggs,The Double Life of Alfred Bloggs,https://nce.mleo.site/NCE3/04.The%20Double%20Life%20of%20Alfred%20Bloggs.mp3,https://nce.mleo.site/NCE3/04.The%20Double%20Life%20of%20Alfred%20Bloggs.lrc,https://85.mleo.site/NCE3/NCE3%281985%20British%20accent%29_04.mp3,https://85.mleo.site/NCE3/NCE3%281985%20British%20accent%29_04.lrc,https://player.bilibili.com/player.html?bvid=BV1zY4y187cK&high_quality=1&autoplay=0,https://www.bilibili.com/video/BV1zY4y187cK/,https://player.bilibili.com/player.html?bvid=BV1zf4y1w7k3&high_quality=1&autoplay=0,https://www.bilibili.com/video/BV1zf4y1w7k3,官方合集已含; 官方合集《新概念英语 第三册 更新至47课｜胶学 x 刘羽Leo》共155P; 单课切片直链见 video_lesson_* 字段
173,NCE3,5,05,05.The Facts,The Facts,https://nce.mleo.site/NCE3/05.The%20Facts.mp3,https://nce.mleo.site/NCE3/05.The%20Facts.lrc,https://85.mleo.site/NCE3/NCE3%281985%20British%20accent%29_05.mp3,https://85.mleo.site/NCE3/NCE3%281985%20British%20accent%29_05.lrc,https://player.bilibili.com/player.html?bvid=BV1zY4y187cK&high_quality=1&autoplay=0,https://www.bilibili.com/video/BV1zY4y187cK/,https://player.bilibili.com/player.html?bvid=BV1aL411s7LJ&high_quality=1&autoplay=0,https://www.bilibili.com/video/BV1aL411s7LJ,官方合集已含; 官方合集《新概念英语 第三册 更新至47课｜胶学 x 刘羽Leo》共155P; 单课切片直链见 video_lesson_* 字段
174,NCE3,6,06,06.Smash and Grab,Smash and Grab,https://nce.mleo.site/NCE3/06.Smash%20and%20Grab.mp3,https://nce.mleo.site/NCE3/06.Smash%20and%20Grab.lrc,https://85.mleo.site/NCE3/NCE3%281985%20British%20accent%29_06.mp3,https://85.mleo.site/NCE3/NCE3%281985%20British%20accent%29_06.lrc,https://player.bilibili.com/player.html?bvid=BV1zY4y187cK&high_quality=1&autoplay=0,https://www.bilibili.com/video/BV1zY4y187cK/,https://player.bilibili.com/player.html?bvid=BV1bb4y117ny&high_quality=1&autoplay=0,https://www.bilibili.com/video/BV1bb4y117ny,官方合集已含; 官方合集《新概念英语 第三册 更新至47课｜胶学 x 刘羽Leo》共155P; 单课切片直链见 video_lesson_* 字段
175,NCE3,7,07,07.Mutilated Ladies,Mutilated Ladies,https://nce.mleo.site/NCE3/07.Mutilated%20Ladies.mp3,https://nce.mleo.site/NCE3/07.Mutilated%20Ladies.lrc,https://85.mleo.site/NCE3/NCE3%281985%20British%20accent%29_07.mp3,https://85.mleo.site/NCE3/NCE3%281985%20British%20accent%29_07.lrc,https://player.bilibili.com/player.html?bvid=BV1zY4y187cK&high_quality=1&autoplay=0,https://www.bilibili.com/video/BV1zY4y187cK/,https://player.bilibili.com/player.html?bvid=BV1Bq4y1V7sg&high_quality=1&autoplay=0,https://www.bilibili.com/video/BV1Bq4y1V7sg,官方合集已含; 官方合集《新概念英语 第三册 更新至47课｜胶学 x 刘羽Leo》共155P; 单课切片直链见 video_lesson_* 字段
176,NCE3,8,08,08.A Famous Monastery,A Famous Monastery,https://nce.mleo.site/NCE3/08.A%20Famous%20Monastery.mp3,https://nce.mleo.site/NCE3/08.A%20Famous%20Monastery.lrc,https://85.mleo.site/NCE3/NCE3%281985%20British%20accent%29_08.mp3,https://85.mleo.site/NCE3/NCE3%281985%20British%20accent%29_08.lrc,https://player.bilibili.com/player.html?bvid=BV1zY4y187cK&high_quality=1&autoplay=0,https://www.bilibili.com/video/BV1zY4y187cK/,https://player.bilibili.com/player.html?bvid=BV1oR4y1n7zE&high_quality=1&autoplay=0,https://www.bilibili.com/video/BV1oR4y1n7zE,官方合集已含; 官方合集《新概念英语 第三册 更新至47课｜胶学 x 刘羽Leo》共155P; 单课切片直链见 video_lesson_* 字段
177,NCE3,9,09,09.Flying Cats,Flying Cats,https://nce.mleo.site/NCE3/09.Flying%20Cats.mp3,https://nce.mleo.site/NCE3/09.Flying%20Cats.lrc,https://85.mleo.site/NCE3/NCE3%281985%20British%20accent%29_09.mp3,https://85.mleo.site/NCE3/NCE3%281985%20British%20accent%29_09.lrc,https://player.bilibili.com/player.html?bvid=BV1zY4y187cK&high_quality=1&autoplay=0,https://www.bilibili.com/video/BV1zY4y187cK/,https://player.bilibili.com/player.html?bvid=BV1aP4y187dT&high_quality=1&autoplay=0,https://www.bilibili.com/video/BV1aP4y187dT,官方合集已含; 官方合集《新概念英语 第三册 更新至47课｜胶学 x 刘羽Leo》共155P; 单课切片直链见 video_lesson_* 字段
178,NCE3,10,10,10.The Loss of the Titanic,The Loss of the Titanic,https://nce.mleo.site/NCE3/10.The%20Loss%20of%20the%20Titanic.mp3,https://nce.mleo.site/NCE3/10.The%20Loss%20of%20the%20Titanic.lrc,https://85.mleo.site/NCE3/NCE3%281985%20British%20accent%29_10.mp3,https://85.mleo.site/NCE3/NCE3%281985%20British%20accent%29_10.lrc,https://player.bilibili.com/player.html?bvid=BV1zY4y187cK&high_quality=1&autoplay=0,https://www.bilibili.com/video/BV1zY4y187cK/,https://player.bilibili.com/player.html?bvid=BV16P4y1t7Wt&high_quality=1&autoplay=0,https://www.bilibili.com/video/BV16P4y1t7Wt,官方合集已含; 官方合集《新概念英语 第三册 更新至47课｜胶学 x 刘羽Leo》共155P; 单课切片直链见 video_lesson_* 字段
179,NCE3,11,11,11.Not Guilty,Not Guilty,https://nce.mleo.site/NCE3/11.Not%20Guilty.mp3,https://nce.mleo.site/NCE3/11.Not%20Guilty.lrc,https://85.mleo.site/NCE3/NCE3%281985%20British%20accent%29_11.mp3,https://85.mleo.site/NCE3/NCE3%281985%20British%20accent%29_11.lrc,https://player.bilibili.com/player.html?bvid=BV1zY4y187cK&high_quality=1&autoplay=0,https://www.bilibili.com/video/BV1zY4y187cK/,https://player.bilibili.com/player.html?bvid=BV1KL411G7AQ&high_quality=1&autoplay=0,https://www.bilibili.com/video/BV1KL411G7AQ,官方合集已含; 官方合集《新概念英语 第三册 更新至47课｜胶学 x 刘羽Leo》共155P; 单课切片直链见 video_lesson_* 字段
180,NCE3,12,12,12.Life on a Desert Island,Life on a Desert Island,https://nce.mleo.site/NCE3/12.Life%20on%20a%20Desert%20Island.mp3,https://nce.mleo.site/NCE3/12.Life%20on%20a%20Desert%20Island.lrc,https://85.mleo.site/NCE3/NCE3%281985%20British%20accent%29_12.mp3,https://85.mleo.site/NCE3/NCE3%281985%20British%20accent%29_12.lrc,https://player.bilibili.com/player.html?bvid=BV1zY4y187cK&high_quality=1&autoplay=0,https://www.bilibili.com/video/BV1zY4y187cK/,https://player.bilibili.com/player.html?bvid=BV1Xq4y1V7H4&high_quality=1&autoplay=0,https://www.bilibili.com/video/BV1Xq4y1V7H4,官方合集已含; 官方合集《新概念英语 第三册 更新至47课｜胶学 x 刘羽Leo》共155P; 单课切片直链见 video_lesson_* 字段
181,NCE3,13,13,13.It's Only Me,It's Only Me,https://nce.mleo.site/NCE3/13.It%27s%20Only%20Me.mp3,https://nce.mleo.site/NCE3/13.It%27s%20Only%20Me.lrc,https://85.mleo.site/NCE3/NCE3%281985%20British%20accent%29_13.mp3,https://85.mleo.site/NCE3/NCE3%281985%20British%20accent%29_13.lrc,https://player.bilibili.com/player.html?bvid=BV1zY4y187cK&high_quality=1&autoplay=0,https://www.bilibili.com/video/BV1zY4y187cK/,https://player.bilibili.com/player.html?bvid=BV1fT4y1o76p&high_quality=1&autoplay=0,https://www.bilibili.com/video/BV1fT4y1o76p,官方合集已含; 官方合集《新概念英语 第三册 更新至47课｜胶学 x 刘羽Leo》共155P; 单课切片直链见 video_lesson_* 字段
182,NCE3,14,14,14.A Noble Gangster,A Noble Gangster,https://nce.mleo.site/NCE3/14.A%20Noble%20Gangster.mp3,https://nce.mleo.site/NCE3/14.A%20Noble%20Gangster.lrc,https://85.mleo.site/NCE3/NCE3%281985%20British%20accent%29_14.mp3,https://85.mleo.site/NCE3/NCE3%281985%20British%20accent%29_14.lrc,https://player.bilibili.com/player.html?bvid=BV1zY4y187cK&high_quality=1&autoplay=0,https://www.bilibili.com/video/BV1zY4y187cK/,https://player.bilibili.com/player.html?bvid=BV1i34y1d7gC&high_quality=1&autoplay=0,https://www.bilibili.com/video/BV1i34y1d7gC,官方合集已含; 官方合集《新概念英语 第三册 更新至47课｜胶学 x 刘羽Leo》共155P; 单课切片直链见 video_lesson_* 字段
183,NCE3,15,15,15.Fifty Pence Worth of Trouble,Fifty Pence Worth of Trouble,https://nce.mleo.site/NCE3/15.Fifty%20Pence%20Worth%20of%20Trouble.mp3,https://nce.mleo.site/NCE3/15.Fifty%20Pence%20Worth%20of%20Trouble.lrc,https://85.mleo.site/NCE3/NCE3%281985%20British%20accent%29_15.mp3,https://85.mleo.site/NCE3/NCE3%281985%20British%20accent%29_15.lrc,https://player.bilibili.com/player.html?bvid=BV1zY4y187cK&high_quality=1&autoplay=0,https://www.bilibili.com/video/BV1zY4y187cK/,https://player.bilibili.com/player.html?bvid=BV1XT4y197Li&high_quality=1&autoplay=0,https://www.bilibili.com/video/BV1XT4y197Li,官方合集已含; 官方合集《新概念英语 第三册 更新至47课｜胶学 x 刘羽Leo》共155P; 单课切片直链见 video_lesson_* 字段
184,NCE3,16,16,16.Mary Had a Little Lamb,Mary Had a Little Lamb,https://nce.mleo.site/NCE3/16.Mary%20Had%20a%20Little%20Lamb.mp3,https://nce.mleo.site/NCE3/16.Mary%20Had%20a%20Little%20Lamb.lrc,https://85.mleo.site/NCE3/NCE3%281985%20British%20accent%29_16.mp3,https://85.mleo.site/NCE3/NCE3%281985%20British%20accent%29_16.lrc,https://player.bilibili.com/player.html?bvid=BV1zY4y187cK&high_quality=1&autoplay=0,https://www.bilibili.com/video/BV1zY4y187cK/,https://player.bilibili.com/player.html?bvid=BV1eQ4y1U7D4&high_quality=1&autoplay=0,https://www.bilibili.com/video/BV1eQ4y1U7D4,官方合集已含; 官方合集《新概念英语 第三册 更新至47课｜胶学 x 刘羽Leo》共155P; 单课切片直链见 video_lesson_* 字段
185,NCE3,17,17,17.The Longest Suspension Bridge in the World,The Longest Suspension Bridge in the World,https://nce.mleo.site/NCE3/17.The%20Longest%20Suspension%20Bridge%20in%20the%20World.mp3,https://nce.mleo.site/NCE3/17.The%20Longest%20Suspension%20Bridge%20in%20the%20World.lrc,https://85.mleo.site/NCE3/NCE3%281985%20British%20accent%29_17.mp3,https://85.mleo.site/NCE3/NCE3%281985%20British%20accent%29_17.lrc,https://player.bilibili.com/player.html?bvid=BV1zY4y187cK&high_quality=1&autoplay=0,https://www.bilibili.com/video/BV1zY4y187cK/,https://player.bilibili.com/player.html?bvid=BV1dh411479e&high_quality=1&autoplay=0,https://www.bilibili.com/video/BV1dh411479e,官方合集已含; 官方合集《新概念英语 第三册 更新至47课｜胶学 x 刘羽Leo》共155P; 单课切片直链见 video_lesson_* 字段
186,NCE3,18,18,18.Electric Currents in Modern Art,Electric Currents in Modern Art,https://nce.mleo.site/NCE3/18.Electric%20Currents%20in%20Modern%20Art.mp3,https://nce.mleo.site/NCE3/18.Electric%20Currents%20in%20Modern%20Art.lrc,https://85.mleo.site/NCE3/NCE3%281985%20British%20accent%29_18.mp3,https://85.mleo.site/NCE3/NCE3%281985%20British%20accent%29_18.lrc,https://player.bilibili.com/player.html?bvid=BV1zY4y187cK&high_quality=1&autoplay=0,https://www.bilibili.com/video/BV1zY4y187cK/,https://player.bilibili.com/player.html?bvid=BV1e341147Nc&high_quality=1&autoplay=0,https://www.bilibili.com/video/BV1e341147Nc,官方合集已含; 官方合集《新概念英语 第三册 更新至47课｜胶学 x 刘羽Leo》共155P; 单课切片直链见 video_lesson_* 字段
187,NCE3,19,19,19.A Very Dear Cat,A Very Dear Cat,https://nce.mleo.site/NCE3/19.A%20Very%20Dear%20Cat.mp3,https://nce.mleo.site/NCE3/19.A%20Very%20Dear%20Cat.lrc,https://85.mleo.site/NCE3/NCE3%281985%20British%20accent%29_19.mp3,https://85.mleo.site/NCE3/NCE3%281985%20British%20accent%29_19.lrc,https://player.bilibili.com/player.html?bvid=BV1zY4y187cK&high_quality=1&autoplay=0,https://www.bilibili.com/video/BV1zY4y187cK/,https://player.bilibili.com/player.html?bvid=BV1xb4y1i7b6&high_quality=1&autoplay=0,https://www.bilibili.com/video/BV1xb4y1i7b6,官方合集已含; 官方合集《新概念英语 第三册 更新至47课｜胶学 x 刘羽Leo》共155P; 单课切片直链见 video_lesson_* 字段
188,NCE3,20,20,20.Pioneer Pilots,Pioneer Pilots,https://nce.mleo.site/NCE3/20.Pioneer%20Pilots.mp3,https://nce.mleo.site/NCE3/20.Pioneer%20Pilots.lrc,https://85.mleo.site/NCE3/NCE3%281985%20British%20accent%29_20.mp3,https://85.mleo.site/NCE3/NCE3%281985%20British%20accent%29_20.lrc,https://player.bilibili.com/player.html?bvid=BV1zY4y187cK&high_quality=1&autoplay=0,https://www.bilibili.com/video/BV1zY4y187cK/,https://player.bilibili.com/player.html?bvid=BV13P4y1G7BT&high_quality=1&autoplay=0,https://www.bilibili.com/video/BV13P4y1G7BT,官方合集已含; 官方合集《新概念英语 第三册 更新至47课｜胶学 x 刘羽Leo》共155P; 单课切片直链见 video_lesson_* 字段
189,NCE3,21,21,21.Daniel Mendoza,Daniel Mendoza,https://nce.mleo.site/NCE3/21.Daniel%20Mendoza.mp3,https://nce.mleo.site/NCE3/21.Daniel%20Mendoza.lrc,https://85.mleo.site/NCE3/NCE3%281985%20British%20accent%29_21.mp3,https://85.mleo.site/NCE3/NCE3%281985%20British%20accent%29_21.lrc,https://player.bilibili.com/player.html?bvid=BV1zY4y187cK&high_quality=1&autoplay=0,https://www.bilibili.com/video/BV1zY4y187cK/,https://player.bilibili.com/player.html?bvid=BV1TS4y1Q7HS&high_quality=1&autoplay=0,https://www.bilibili.com/video/BV1TS4y1Q7HS,官方合集已含; 官方合集《新概念英语 第三册 更新至47课｜胶学 x 刘羽Leo》共155P; 单课切片直链见 video_lesson_* 字段
190,NCE3,22,22,22.By Heart,By Heart,https://nce.mleo.site/NCE3/22.By%20Heart.mp3,https://nce.mleo.site/NCE3/22.By%20Heart.lrc,https://85.mleo.site/NCE3/NCE3%281985%20British%20accent%29_22.mp3,https://85.mleo.site/NCE3/NCE3%281985%20British%20accent%29_22.lrc,https://player.bilibili.com/player.html?bvid=BV1zY4y187cK&high_quality=1&autoplay=0,https://www.bilibili.com/video/BV1zY4y187cK/,https://player.bilibili.com/player.html?bvid=BV1ar4y1r7Mx&high_quality=1&autoplay=0,https://www.bilibili.com/video/BV1ar4y1r7Mx,官方合集已含; 官方合集《新概念英语 第三册 更新至47课｜胶学 x 刘羽Leo》共155P; 单课切片直链见 video_lesson_* 字段
191,NCE3,23,23,23.One Man's Meat is Another Man's Poison,One Man's Meat is Another Man's Poison,https://nce.mleo.site/NCE3/23.One%20Man%27s%20Meat%20is%20Another%20Man%27s%20Poison.mp3,https://nce.mleo.site/NCE3/23.One%20Man%27s%20Meat%20is%20Another%20Man%27s%20Poison.lrc,https://85.mleo.site/NCE3/NCE3%281985%20British%20accent%29_23.mp3,https://85.mleo.site/NCE3/NCE3%281985%20British%20accent%29_23.lrc,https://player.bilibili.com/player.html?bvid=BV1zY4y187cK&high_quality=1&autoplay=0,https://www.bilibili.com/video/BV1zY4y187cK/,https://player.bilibili.com/player.html?bvid=BV1bF411t7Pj&high_quality=1&autoplay=0,https://www.bilibili.com/video/BV1bF411t7Pj,官方合集已含; 官方合集《新概念英语 第三册 更新至47课｜胶学 x 刘羽Leo》共155P; 单课切片直链见 video_lesson_* 字段
192,NCE3,24,24,24.A Skeleton in the Cupboard,A Skeleton in the Cupboard,https://nce.mleo.site/NCE3/24.A%20Skeleton%20in%20the%20Cupboard.mp3,https://nce.mleo.site/NCE3/24.A%20Skeleton%20in%20the%20Cupboard.lrc,https://85.mleo.site/NCE3/NCE3%281985%20British%20accent%29_24.mp3,https://85.mleo.site/NCE3/NCE3%281985%20British%20accent%29_24.lrc,https://player.bilibili.com/player.html?bvid=BV1zY4y187cK&high_quality=1&autoplay=0,https://www.bilibili.com/video/BV1zY4y187cK/,https://player.bilibili.com/player.html?bvid=BV1MT4y1Q7f4&high_quality=1&autoplay=0,https://www.bilibili.com/video/BV1MT4y1Q7f4,官方合集已含; 官方合集《新概念英语 第三册 更新至47课｜胶学 x 刘羽Leo》共155P; 单课切片直链见 video_lesson_* 字段
193,NCE3,25,25,25.The Cutty Sark,The Cutty Sark,https://nce.mleo.site/NCE3/25.The%20Cutty%20Sark.mp3,https://nce.mleo.site/NCE3/25.The%20Cutty%20Sark.lrc,https://85.mleo.site/NCE3/NCE3%281985%20British%20accent%29_25.mp3,https://85.mleo.site/NCE3/NCE3%281985%20British%20accent%29_25.lrc,https://player.bilibili.com/player.html?bvid=BV1zY4y187cK&high_quality=1&autoplay=0,https://www.bilibili.com/video/BV1zY4y187cK/,https://player.bilibili.com/player.html?bvid=BV1Tu411Q7HN&high_quality=1&autoplay=0,https://www.bilibili.com/video/BV1Tu411Q7HN,官方合集已含; 官方合集《新概念英语 第三册 更新至47课｜胶学 x 刘羽Leo》共155P; 单课切片直链见 video_lesson_* 字段
194,NCE3,26,26,26.Wanted a Large Biscuit Tin,Wanted a Large Biscuit Tin,https://nce.mleo.site/NCE3/26.Wanted%20a%20Large%20Biscuit%20Tin.mp3,https://nce.mleo.site/NCE3/26.Wanted%20a%20Large%20Biscuit%20Tin.lrc,https://85.mleo.site/NCE3/NCE3%281985%20British%20accent%29_26.mp3,https://85.mleo.site/NCE3/NCE3%281985%20British%20accent%29_26.lrc,https://player.bilibili.com/player.html?bvid=BV1zY4y187cK&high_quality=1&autoplay=0,https://www.bilibili.com/video/BV1zY4y187cK/,https://player.bilibili.com/player.html?bvid=BV17341157kh&high_quality=1&autoplay=0,https://www.bilibili.com/video/BV17341157kh,官方合集已含; 官方合集《新概念英语 第三册 更新至47课｜胶学 x 刘羽Leo》共155P; 单课切片直链见 video_lesson_* 字段
195,NCE3,27,27,27.Nothing to Sell and Nothing to Buy,Nothing to Sell and Nothing to Buy,https://nce.mleo.site/NCE3/27.Nothing%20to%20Sell%20and%20Nothing%20to%20Buy.mp3,https://nce.mleo.site/NCE3/27.Nothing%20to%20Sell%20and%20Nothing%20to%20Buy.lrc,https://85.mleo.site/NCE3/NCE3%281985%20British%20accent%29_27.mp3,https://85.mleo.site/NCE3/NCE3%281985%20British%20accent%29_27.lrc,https://player.bilibili.com/player.html?bvid=BV1zY4y187cK&high_quality=1&autoplay=0,https://www.bilibili.com/video/BV1zY4y187cK/,https://player.bilibili.com/player.html?bvid=BV1oS4y1m75b&high_quality=1&autoplay=0,https://www.bilibili.com/video/BV1oS4y1m75b,官方合集已含; 官方合集《新概念英语 第三册 更新至47课｜胶学 x 刘羽Leo》共155P; 单课切片直链见 video_lesson_* 字段
196,NCE3,28,28,28.Five Pounds Too Dear,Five Pounds Too Dear,https://nce.mleo.site/NCE3/28.Five%20Pounds%20Too%20Dear.mp3,https://nce.mleo.site/NCE3/28.Five%20Pounds%20Too%20Dear.lrc,https://85.mleo.site/NCE3/NCE3%281985%20British%20accent%29_28.mp3,https://85.mleo.site/NCE3/NCE3%281985%20British%20accent%29_28.lrc,https://player.bilibili.com/player.html?bvid=BV1zY4y187cK&high_quality=1&autoplay=0,https://www.bilibili.com/video/BV1zY4y187cK/,https://player.bilibili.com/player.html?bvid=BV15L4y1M7jA&high_quality=1&autoplay=0,https://www.bilibili.com/video/BV15L4y1M7jA,官方合集已含; 官方合集《新概念英语 第三册 更新至47课｜胶学 x 刘羽Leo》共155P; 单课切片直链见 video_lesson_* 字段
197,NCE3,29,29,29.Funny or Not,Funny or Not,https://nce.mleo.site/NCE3/29.Funny%20or%20Not.mp3,https://nce.mleo.site/NCE3/29.Funny%20or%20Not.lrc,https://85.mleo.site/NCE3/NCE3%281985%20British%20accent%29_29.mp3,https://85.mleo.site/NCE3/NCE3%281985%20British%20accent%29_29.lrc,https://player.bilibili.com/player.html?bvid=BV1zY4y187cK&high_quality=1&autoplay=0,https://www.bilibili.com/video/BV1zY4y187cK/,https://player.bilibili.com/player.html?bvid=BV1Xq4y1e7Tf&high_quality=1&autoplay=0,https://www.bilibili.com/video/BV1Xq4y1e7Tf,官方合集已含; 官方合集《新概念英语 第三册 更新至47课｜胶学 x 刘羽Leo》共155P; 单课切片直链见 video_lesson_* 字段
198,NCE3,30,30,30.The Death of a Ghost,The Death of a Ghost,https://nce.mleo.site/NCE3/30.The%20Death%20of%20a%20Ghost.mp3,https://nce.mleo.site/NCE3/30.The%20Death%20of%20a%20Ghost.lrc,https://85.mleo.site/NCE3/NCE3%281985%20British%20accent%29_30.mp3,https://85.mleo.site/NCE3/NCE3%281985%20British%20accent%29_30.lrc,https://player.bilibili.com/player.html?bvid=BV1zY4y187cK&high_quality=1&autoplay=0,https://www.bilibili.com/video/BV1zY4y187cK/,https://player.bilibili.com/player.html?bvid=BV1pS4y1g7kx&high_quality=1&autoplay=0,https://www.bilibili.com/video/BV1pS4y1g7kx,官方合集已含; 官方合集《新概念英语 第三册 更新至47课｜胶学 x 刘羽Leo》共155P; 单课切片直链见 video_lesson_* 字段
199,NCE3,31,31,31.A Lovable Eccentric,A Lovable Eccentric,https://nce.mleo.site/NCE3/31.A%20Lovable%20Eccentric.mp3,https://nce.mleo.site/NCE3/31.A%20Lovable%20Eccentric.lrc,https://85.mleo.site/NCE3/NCE3%281985%20British%20accent%29_31.mp3,https://85.mleo.site/NCE3/NCE3%281985%20British%20accent%29_31.lrc,https://player.bilibili.com/player.html?bvid=BV1zY4y187cK&high_quality=1&autoplay=0,https://www.bilibili.com/video/BV1zY4y187cK/,https://player.bilibili.com/player.html?bvid=BV1z44y1N7iz&high_quality=1&autoplay=0,https://www.bilibili.com/video/BV1z44y1N7iz,官方合集已含; 官方合集《新概念英语 第三册 更新至47课｜胶学 x 刘羽Leo》共155P; 单课切片直链见 video_lesson_* 字段
200,NCE3,32,32,32.A Lost Ship,A Lost Ship,https://nce.mleo.site/NCE3/32.A%20Lost%20Ship.mp3,https://nce.mleo.site/NCE3/32.A%20Lost%20Ship.lrc,https://85.mleo.site/NCE3/NCE3%281985%20British%20accent%29_32.mp3,https://85.mleo.site/NCE3/NCE3%281985%20British%20accent%29_32.lrc,https://player.bilibili.com/player.html?bvid=BV1zY4y187cK&high_quality=1&autoplay=0,https://www.bilibili.com/video/BV1zY4y187cK/,https://player.bilibili.com/player.html?bvid=BV1Cq4y1Y7Eg&high_quality=1&autoplay=0,https://www.bilibili.com/video/BV1Cq4y1Y7Eg,官方合集已含; 官方合集《新概念英语 第三册 更新至47课｜胶学 x 刘羽Leo》共155P; 单课切片直链见 video_lesson_* 字段
201,NCE3,33,33,33.A Day to Remember,A Day to Remember,https://nce.mleo.site/NCE3/33.A%20Day%20to%20Remember.mp3,https://nce.mleo.site/NCE3/33.A%20Day%20to%20Remember.lrc,https://85.mleo.site/NCE3/NCE3%281985%20British%20accent%29_33.mp3,https://85.mleo.site/NCE3/NCE3%281985%20British%20accent%29_33.lrc,https://player.bilibili.com/player.html?bvid=BV1zY4y187cK&high_quality=1&autoplay=0,https://www.bilibili.com/video/BV1zY4y187cK/,https://player.bilibili.com/player.html?bvid=BV1zu411v7LD&high_quality=1&autoplay=0,https://www.bilibili.com/video/BV1zu411v7LD,官方合集已含; 官方合集《新概念英语 第三册 更新至47课｜胶学 x 刘羽Leo》共155P; 单课切片直链见 video_lesson_* 字段
202,NCE3,34,34,34.A Happy Discovery,A Happy Discovery,https://nce.mleo.site/NCE3/34.A%20Happy%20Discovery.mp3,https://nce.mleo.site/NCE3/34.A%20Happy%20Discovery.lrc,https://85.mleo.site/NCE3/NCE3%281985%20British%20accent%29_34.mp3,https://85.mleo.site/NCE3/NCE3%281985%20British%20accent%29_34.lrc,https://player.bilibili.com/player.html?bvid=BV1zY4y187cK&high_quality=1&autoplay=0,https://www.bilibili.com/video/BV1zY4y187cK/,https://player.bilibili.com/player.html?bvid=BV1iY4y1v7sp&high_quality=1&autoplay=0,https://www.bilibili.com/video/BV1iY4y1v7sp,官方合集已含; 官方合集《新概念英语 第三册 更新至47课｜胶学 x 刘羽Leo》共155P; 单课切片直链见 video_lesson_* 字段
203,NCE3,35,35,35.Justice was Done,Justice was Done,https://nce.mleo.site/NCE3/35.Justice%20was%20Done.mp3,https://nce.mleo.site/NCE3/35.Justice%20was%20Done.lrc,https://85.mleo.site/NCE3/NCE3%281985%20British%20accent%29_35.mp3,https://85.mleo.site/NCE3/NCE3%281985%20British%20accent%29_35.lrc,https://player.bilibili.com/player.html?bvid=BV1zY4y187cK&high_quality=1&autoplay=0,https://www.bilibili.com/video/BV1zY4y187cK/,https://player.bilibili.com/player.html?bvid=BV12T4y1Y7fU&high_quality=1&autoplay=0,https://www.bilibili.com/video/BV12T4y1Y7fU,官方合集已含; 官方合集《新概念英语 第三册 更新至47课｜胶学 x 刘羽Leo》共155P; 单课切片直链见 video_lesson_* 字段
204,NCE3,36,36,36.A Chance in a Million,A Chance in a Million,https://nce.mleo.site/NCE3/36.A%20Chance%20in%20a%20Million.mp3,https://nce.mleo.site/NCE3/36.A%20Chance%20in%20a%20Million.lrc,https://85.mleo.site/NCE3/NCE3%281985%20British%20accent%29_36.mp3,https://85.mleo.site/NCE3/NCE3%281985%20British%20accent%29_36.lrc,https://player.bilibili.com/player.html?bvid=BV1zY4y187cK&high_quality=1&autoplay=0,https://www.bilibili.com/video/BV1zY4y187cK/,https://player.bilibili.com/player.html?bvid=BV1e5411d7eN&high_quality=1&autoplay=0,https://www.bilibili.com/video/BV1e5411d7eN,官方合集已含; 官方合集《新概念英语 第三册 更新至47课｜胶学 x 刘羽Leo》共155P; 单课切片直链见 video_lesson_* 字段
205,NCE3,37,37,37.The Westhaven Express,The Westhaven Express,https://nce.mleo.site/NCE3/37.The%20Westhaven%20Express.mp3,https://nce.mleo.site/NCE3/37.The%20Westhaven%20Express.lrc,https://85.mleo.site/NCE3/NCE3%281985%20British%20accent%29_37.mp3,https://85.mleo.site/NCE3/NCE3%281985%20British%20accent%29_37.lrc,https://player.bilibili.com/player.html?bvid=BV1zY4y187cK&high_quality=1&autoplay=0,https://www.bilibili.com/video/BV1zY4y187cK/,https://player.bilibili.com/player.html?bvid=BV1uB4y1y7Vp&high_quality=1&autoplay=0,https://www.bilibili.com/video/BV1uB4y1y7Vp,官方合集已含; 官方合集《新概念英语 第三册 更新至47课｜胶学 x 刘羽Leo》共155P; 单课切片直链见 video_lesson_* 字段
206,NCE3,38,38,38.The First Calendar,The First Calendar,https://nce.mleo.site/NCE3/38.The%20First%20Calendar.mp3,https://nce.mleo.site/NCE3/38.The%20First%20Calendar.lrc,https://85.mleo.site/NCE3/NCE3%281985%20British%20accent%29_38.mp3,https://85.mleo.site/NCE3/NCE3%281985%20British%20accent%29_38.lrc,https://player.bilibili.com/player.html?bvid=BV1zY4y187cK&high_quality=1&autoplay=0,https://www.bilibili.com/video/BV1zY4y187cK/,https://player.bilibili.com/player.html?bvid=BV1uu41167P9&high_quality=1&autoplay=0,https://www.bilibili.com/video/BV1uu41167P9,官方合集已含; 官方合集《新概念英语 第三册 更新至47课｜胶学 x 刘羽Leo》共155P; 单课切片直链见 video_lesson_* 字段
207,NCE3,39,39,39.Nothing to Worry About,Nothing to Worry About,https://nce.mleo.site/NCE3/39.Nothing%20to%20Worry%20About.mp3,https://nce.mleo.site/NCE3/39.Nothing%20to%20Worry%20About.lrc,https://85.mleo.site/NCE3/NCE3%281985%20British%20accent%29_39.mp3,https://85.mleo.site/NCE3/NCE3%281985%20British%20accent%29_39.lrc,https://player.bilibili.com/player.html?bvid=BV1zY4y187cK&high_quality=1&autoplay=0,https://www.bilibili.com/video/BV1zY4y187cK/,https://player.bilibili.com/player.html?bvid=BV1Ya41177MZ&high_quality=1&autoplay=0,https://www.bilibili.com/video/BV1Ya41177MZ,官方合集已含; 官方合集《新概念英语 第三册 更新至47课｜胶学 x 刘羽Leo》共155P; 单课切片直链见 video_lesson_* 字段
208,NCE3,40,40,40.Who's Who,Who's Who,https://nce.mleo.site/NCE3/40.Who%27s%20Who.mp3,https://nce.mleo.site/NCE3/40.Who%27s%20Who.lrc,https://85.mleo.site/NCE3/NCE3%281985%20British%20accent%29_40.mp3,https://85.mleo.site/NCE3/NCE3%281985%20British%20accent%29_40.lrc,https://player.bilibili.com/player.html?bvid=BV1zY4y187cK&high_quality=1&autoplay=0,https://www.bilibili.com/video/BV1zY4y187cK/,https://player.bilibili.com/player.html?bvid=BV1m54y1Z7Lf&high_quality=1&autoplay=0,https://www.bilibili.com/video/BV1m54y1Z7Lf,官方合集已含; 官方合集《新概念英语 第三册 更新至47课｜胶学 x 刘羽Leo》共155P; 单课切片直链见 video_lesson_* 字段
209,NCE3,41,41,41.Illusions of Pastoral Peace,Illusions of Pastoral Peace,https://nce.mleo.site/NCE3/41.Illusions%20of%20Pastoral%20Peace.mp3,https://nce.mleo.site/NCE3/41.Illusions%20of%20Pastoral%20Peace.lrc,https://85.mleo.site/NCE3/NCE3%281985%20British%20accent%29_41.mp3,https://85.mleo.site/NCE3/NCE3%281985%20British%20accent%29_41.lrc,https://player.bilibili.com/player.html?bvid=BV1zY4y187cK&high_quality=1&autoplay=0,https://www.bilibili.com/video/BV1zY4y187cK/,https://player.bilibili.com/player.html?bvid=BV1QS4y1B7Q1&high_quality=1&autoplay=0,https://www.bilibili.com/video/BV1QS4y1B7Q1,官方合集已含; 官方合集《新概念英语 第三册 更新至47课｜胶学 x 刘羽Leo》共155P; 单课切片直链见 video_lesson_* 字段
210,NCE3,42,42,42.Modern Cavemen,Modern Cavemen,https://nce.mleo.site/NCE3/42.Modern%20Cavemen.mp3,https://nce.mleo.site/NCE3/42.Modern%20Cavemen.lrc,https://85.mleo.site/NCE3/NCE3%281985%20British%20accent%29_42.mp3,https://85.mleo.site/NCE3/NCE3%281985%20British%20accent%29_42.lrc,https://player.bilibili.com/player.html?bvid=BV1zY4y187cK&high_quality=1&autoplay=0,https://www.bilibili.com/video/BV1zY4y187cK/,https://player.bilibili.com/player.html?bvid=BV1uZ4y1h7uX&high_quality=1&autoplay=0,https://www.bilibili.com/video/BV1uZ4y1h7uX,官方合集已含; 官方合集《新概念英语 第三册 更新至47课｜胶学 x 刘羽Leo》共155P; 单课切片直链见 video_lesson_* 字段
211,NCE3,43,43,43.Fully Insured,Fully Insured,https://nce.mleo.site/NCE3/43.Fully%20Insured.mp3,https://nce.mleo.site/NCE3/43.Fully%20Insured.lrc,https://85.mleo.site/NCE3/NCE3%281985%20British%20accent%29_43.mp3,https://85.mleo.site/NCE3/NCE3%281985%20British%20accent%29_43.lrc,https://player.bilibili.com/player.html?bvid=BV1zY4y187cK&high_quality=1&autoplay=0,https://www.bilibili.com/video/BV1zY4y187cK/,https://player.bilibili.com/player.html?bvid=BV1n94y1U7Go&high_quality=1&autoplay=0,https://www.bilibili.com/video/BV1n94y1U7Go,官方合集已含; 官方合集《新概念英语 第三册 更新至47课｜胶学 x 刘羽Leo》共155P; 单课切片直链见 video_lesson_* 字段
212,NCE3,44,44,44.Speed and Comfort,Speed and Comfort,https://nce.mleo.site/NCE3/44.Speed%20and%20Comfort.mp3,https://nce.mleo.site/NCE3/44.Speed%20and%20Comfort.lrc,https://85.mleo.site/NCE3/NCE3%281985%20British%20accent%29_44.mp3,https://85.mleo.site/NCE3/NCE3%281985%20British%20accent%29_44.lrc,https://player.bilibili.com/player.html?bvid=BV1zY4y187cK&high_quality=1&autoplay=0,https://www.bilibili.com/video/BV1zY4y187cK/,https://player.bilibili.com/player.html?bvid=BV1W34y177aB&high_quality=1&autoplay=0,https://www.bilibili.com/video/BV1W34y177aB,官方合集已含; 官方合集《新概念英语 第三册 更新至47课｜胶学 x 刘羽Leo》共155P; 单课切片直链见 video_lesson_* 字段
213,NCE3,45,45,45.The Power of the Press,The Power of the Press,https://nce.mleo.site/NCE3/45.The%20Power%20of%20the%20Press.mp3,https://nce.mleo.site/NCE3/45.The%20Power%20of%20the%20Press.lrc,https://85.mleo.site/NCE3/NCE3%281985%20British%20accent%29_45.mp3,https://85.mleo.site/NCE3/NCE3%281985%20British%20accent%29_45.lrc,https://player.bilibili.com/player.html?bvid=BV1zY4y187cK&high_quality=1&autoplay=0,https://www.bilibili.com/video/BV1zY4y187cK/,https://player.bilibili.com/player.html?bvid=BV12S4y1v7mZ&high_quality=1&autoplay=0,https://www.bilibili.com/video/BV12S4y1v7mZ,官方合集已含; 官方合集《新概念英语 第三册 更新至47课｜胶学 x 刘羽Leo》共155P; 单课切片直链见 video_lesson_* 字段
214,NCE3,46,46,46.Do It Yourself,Do It Yourself,https://nce.mleo.site/NCE3/46.Do%20It%20Yourself.mp3,https://nce.mleo.site/NCE3/46.Do%20It%20Yourself.lrc,https://85.mleo.site/NCE3/NCE3%281985%20British%20accent%29_46.mp3,https://85.mleo.site/NCE3/NCE3%281985%20British%20accent%29_46.lrc,https://player.bilibili.com/player.html?bvid=BV1zY4y187cK&high_quality=1&autoplay=0,https://www.bilibili.com/video/BV1zY4y187cK/,https://player.bilibili.com/player.html?bvid=BV1434y1p7xM&high_quality=1&autoplay=0,https://www.bilibili.com/video/BV1434y1p7xM,官方合集已含; 官方合集《新概念英语 第三册 更新至47课｜胶学 x 刘羽Leo》共155P; 单课切片直链见 video_lesson_* 字段
215,NCE3,47,47,47.Too High a Price,Too High a Price,https://nce.mleo.site/NCE3/47.Too%20High%20a%20Price.mp3,https://nce.mleo.site/NCE3/47.Too%20High%20a%20Price.lrc,https://85.mleo.site/NCE3/NCE3%281985%20British%20accent%29_47.mp3,https://85.mleo.site/NCE3/NCE3%281985%20British%20accent%29_47.lrc,https://player.bilibili.com/player.html?bvid=BV1zY4y187cK&high_quality=1&autoplay=0,https://www.bilibili.com/video/BV1zY4y187cK/,https://player.bilibili.com/player.html?bvid=BV1KG411W7xP&high_quality=1&autoplay=0,https://www.bilibili.com/video/BV1KG411W7xP,官方合集已含; 官方合集《新概念英语 第三册 更新至47课｜胶学 x 刘羽Leo》共155P; 单课切片直链见 video_lesson_* 字段
216,NCE3,48,48,48.The Silent Village,The Silent Village,https://nce.mleo.site/NCE3/48.The%20Silent%20Village.mp3,https://nce.mleo.site/NCE3/48.The%20Silent%20Village.lrc,https://85.mleo.site/NCE3/NCE3%281985%20British%20accent%29_48.mp3,https://85.mleo.site/NCE3/NCE3%281985%20British%20accent%29_48.lrc,https://player.bilibili.com/player.html?bvid=BV1zY4y187cK&high_quality=1&autoplay=0,https://www.bilibili.com/video/BV1zY4y187cK/,https://player.bilibili.com/player.html?bvid=BV1vG411W7mi&high_quality=1&autoplay=0,https://www.bilibili.com/video/BV1vG411W7mi,"官方合集仅更新至L47, 此课仅有第三方切片; 官方合集《新概念英语 第三册 更新至47课｜胶学 x 刘羽Leo》共155P; 单课切片直链见 video_lesson_* 字段"
217,NCE3,49,49,49.The Ideal Servant,The Ideal Servant,https://nce.mleo.site/NCE3/49.The%20Ideal%20Servant.mp3,https://nce.mleo.site/NCE3/49.The%20Ideal%20Servant.lrc,https://85.mleo.site/NCE3/NCE3%281985%20British%20accent%29_49.mp3,https://85.mleo.site/NCE3/NCE3%281985%20British%20accent%29_49.lrc,https://player.bilibili.com/player.html?bvid=BV1zY4y187cK&high_quality=1&autoplay=0,https://www.bilibili.com/video/BV1zY4y187cK/,https://player.bilibili.com/player.html?bvid=BV1jU4y1D7RB&high_quality=1&autoplay=0,https://www.bilibili.com/video/BV1jU4y1D7RB,"官方合集仅更新至L47, 此课仅有第三方切片; 官方合集《新概念英语 第三册 更新至47课｜胶学 x 刘羽Leo》共155P; 单课切片直链见 video_lesson_* 字段"
218,NCE3,50,50,50.New Year Resolutions,New Year Resolutions,https://nce.mleo.site/NCE3/50.New%20Year%20Resolutions.mp3,https://nce.mleo.site/NCE3/50.New%20Year%20Resolutions.lrc,https://85.mleo.site/NCE3/NCE3%281985%20British%20accent%29_50.mp3,https://85.mleo.site/NCE3/NCE3%281985%20British%20accent%29_50.lrc,https://player.bilibili.com/player.html?bvid=BV1zY4y187cK&high_quality=1&autoplay=0,https://www.bilibili.com/video/BV1zY4y187cK/,https://player.bilibili.com/player.html?bvid=BV1vU4y1q7H9&high_quality=1&autoplay=0,https://www.bilibili.com/video/BV1vU4y1q7H9,"官方合集仅更新至L47, 此课仅有第三方切片; 官方合集《新概念英语 第三册 更新至47课｜胶学 x 刘羽Leo》共155P; 单课切片直链见 video_lesson_* 字段"
219,NCE3,51,51,51.Predicting the Future,Predicting the Future,https://nce.mleo.site/NCE3/51.Predicting%20the%20Future.mp3,https://nce.mleo.site/NCE3/51.Predicting%20the%20Future.lrc,https://85.mleo.site/NCE3/NCE3%281985%20British%20accent%29_51.mp3,https://85.mleo.site/NCE3/NCE3%281985%20British%20accent%29_51.lrc,https://player.bilibili.com/player.html?bvid=BV1zY4y187cK&high_quality=1&autoplay=0,https://www.bilibili.com/video/BV1zY4y187cK/,https://player.bilibili.com/player.html?bvid=BV1Q34y1J7PE&high_quality=1&autoplay=0,https://www.bilibili.com/video/BV1Q34y1J7PE,"官方合集仅更新至L47, 此课仅有第三方切片; 官方合集《新概念英语 第三册 更新至47课｜胶学 x 刘羽Leo》共155P; 单课切片直链见 video_lesson_* 字段"
220,NCE3,52,52,52.Mud is Mud,Mud is Mud,https://nce.mleo.site/NCE3/52.Mud%20is%20Mud.mp3,https://nce.mleo.site/NCE3/52.Mud%20is%20Mud.lrc,https://85.mleo.site/NCE3/NCE3%281985%20British%20accent%29_52.mp3,https://85.mleo.site/NCE3/NCE3%281985%20British%20accent%29_52.lrc,https://player.bilibili.com/player.html?bvid=BV1zY4y187cK&high_quality=1&autoplay=0,https://www.bilibili.com/video/BV1zY4y187cK/,https://player.bilibili.com/player.html?bvid=BV12W4y117mQ&high_quality=1&autoplay=0,https://www.bilibili.com/video/BV12W4y117mQ,"官方合集仅更新至L47, 此课仅有第三方切片; 官方合集《新概念英语 第三册 更新至47课｜胶学 x 刘羽Leo》共155P; 单课切片直链见 video_lesson_* 字段"
221,NCE3,53,53,53.In the Public Interest,In the Public Interest,https://nce.mleo.site/NCE3/53.In%20the%20Public%20Interest.mp3,https://nce.mleo.site/NCE3/53.In%20the%20Public%20Interest.lrc,https://85.mleo.site/NCE3/NCE3%281985%20British%20accent%29_53.mp3,https://85.mleo.site/NCE3/NCE3%281985%20British%20accent%29_53.lrc,https://player.bilibili.com/player.html?bvid=BV1zY4y187cK&high_quality=1&autoplay=0,https://www.bilibili.com/video/BV1zY4y187cK/,https://player.bilibili.com/player.html?bvid=BV1SY4y1c7UB&high_quality=1&autoplay=0,https://www.bilibili.com/video/BV1SY4y1c7UB,"官方合集仅更新至L47, 此课仅有第三方切片; 官方合集《新概念英语 第三册 更新至47课｜胶学 x 刘羽Leo》共155P; 单课切片直链见 video_lesson_* 字段"
222,NCE3,54,54,54.Instinct or Cleverness,Instinct or Cleverness,https://nce.mleo.site/NCE3/54.Instinct%20or%20Cleverness.mp3,https://nce.mleo.site/NCE3/54.Instinct%20or%20Cleverness.lrc,https://85.mleo.site/NCE3/NCE3%281985%20British%20accent%29_54.mp3,https://85.mleo.site/NCE3/NCE3%281985%20British%20accent%29_54.lrc,https://player.bilibili.com/player.html?bvid=BV1zY4y187cK&high_quality=1&autoplay=0,https://www.bilibili.com/video/BV1zY4y187cK/,https://player.bilibili.com/player.html?bvid=BV1cg411C7B2&high_quality=1&autoplay=0,https://www.bilibili.com/video/BV1cg411C7B2,"官方合集仅更新至L47, 此课仅有第三方切片; 官方合集《新概念英语 第三册 更新至47课｜胶学 x 刘羽Leo》共155P; 单课切片直链见 video_lesson_* 字段"
223,NCE3,55,55,55.From the Earth Greetings,From the Earth Greetings,https://nce.mleo.site/NCE3/55.From%20the%20Earth%20Greetings.mp3,https://nce.mleo.site/NCE3/55.From%20the%20Earth%20Greetings.lrc,https://85.mleo.site/NCE3/NCE3%281985%20British%20accent%29_55.mp3,https://85.mleo.site/NCE3/NCE3%281985%20British%20accent%29_55.lrc,https://player.bilibili.com/player.html?bvid=BV1zY4y187cK&high_quality=1&autoplay=0,https://www.bilibili.com/video/BV1zY4y187cK/,https://player.bilibili.com/player.html?bvid=BV1cB4y1L78j&high_quality=1&autoplay=0,https://www.bilibili.com/video/BV1cB4y1L78j,"官方合集仅更新至L47, 此课仅有第三方切片; 官方合集《新概念英语 第三册 更新至47课｜胶学 x 刘羽Leo》共155P; 单课切片直链见 video_lesson_* 字段"
224,NCE3,56,56,"56.Our Neighbour, the River","Our Neighbour, the River",https://nce.mleo.site/NCE3/56.Our%20Neighbour%2C%20the%20River.mp3,https://nce.mleo.site/NCE3/56.Our%20Neighbour%2C%20the%20River.lrc,,,https://player.bilibili.com/player.html?bvid=BV1zY4y187cK&high_quality=1&autoplay=0,https://www.bilibili.com/video/BV1zY4y187cK/,https://player.bilibili.com/player.html?bvid=BV1me4y1o71m&high_quality=1&autoplay=0,https://www.bilibili.com/video/BV1me4y1o71m,"官方合集仅更新至L47, 此课仅有第三方切片; 官方合集《新概念英语 第三册 更新至47课｜胶学 x 刘羽Leo》共155P; 单课切片直链见 video_lesson_* 字段"
225,NCE3,57,57,57.Back in the Old Country,Back in the Old Country,https://nce.mleo.site/NCE3/57.Back%20in%20the%20Old%20Country.mp3,https://nce.mleo.site/NCE3/57.Back%20in%20the%20Old%20Country.lrc,,,https://player.bilibili.com/player.html?bvid=BV1zY4y187cK&high_quality=1&autoplay=0,https://www.bilibili.com/video/BV1zY4y187cK/,https://player.bilibili.com/player.html?bvid=BV1Yd4y1G7z8&high_quality=1&autoplay=0,https://www.bilibili.com/video/BV1Yd4y1G7z8,"官方合集仅更新至L47, 此课仅有第三方切片; 官方合集《新概念英语 第三册 更新至47课｜胶学 x 刘羽Leo》共155P; 单课切片直链见 video_lesson_* 字段"
226,NCE3,58,58,58.A Spot of Bother,A Spot of Bother,https://nce.mleo.site/NCE3/58.A%20Spot%20of%20Bother.mp3,https://nce.mleo.site/NCE3/58.A%20Spot%20of%20Bother.lrc,,,https://player.bilibili.com/player.html?bvid=BV1zY4y187cK&high_quality=1&autoplay=0,https://www.bilibili.com/video/BV1zY4y187cK/,https://player.bilibili.com/player.html?bvid=BV1gt4y1J7DK&high_quality=1&autoplay=0,https://www.bilibili.com/video/BV1gt4y1J7DK,"官方合集仅更新至L47, 此课仅有第三方切片; 官方合集《新概念英语 第三册 更新至47课｜胶学 x 刘羽Leo》共155P; 单课切片直链见 video_lesson_* 字段"
227,NCE3,59,59,59.Collecting,Collecting,https://nce.mleo.site/NCE3/59.Collecting.mp3,https://nce.mleo.site/NCE3/59.Collecting.lrc,,,https://player.bilibili.com/player.html?bvid=BV1zY4y187cK&high_quality=1&autoplay=0,https://www.bilibili.com/video/BV1zY4y187cK/,https://player.bilibili.com/player.html?bvid=BV1TP4y1Z7AP&high_quality=1&autoplay=0,https://www.bilibili.com/video/BV1TP4y1Z7AP,"官方合集仅更新至L47, 此课仅有第三方切片; 官方合集《新概念英语 第三册 更新至47课｜胶学 x 刘羽Leo》共155P; 单课切片直链见 video_lesson_* 字段"
228,NCE3,60,60,60.Too Early and Too Late,Too Early and Too Late,https://nce.mleo.site/NCE3/60.Too%20Early%20and%20Too%20Late.mp3,https://nce.mleo.site/NCE3/60.Too%20Early%20and%20Too%20Late.lrc,,,https://player.bilibili.com/player.html?bvid=BV1zY4y187cK&high_quality=1&autoplay=0,https://www.bilibili.com/video/BV1zY4y187cK/,https://player.bilibili.com/player.html?bvid=BV1Gd4y137MG&high_quality=1&autoplay=0,https://www.bilibili.com/video/BV1Gd4y137MG,"官方合集仅更新至L47, 此课仅有第三方切片; 官方合集《新概念英语 第三册 更新至47课｜胶学 x 刘羽Leo》共155P; 单课切片直链见 video_lesson_* 字段"
229,NCE4,1,01,01.Finding Fossil Man,Finding Fossil Man,https://nce.mleo.site/NCE4/01.Finding%20Fossil%20Man.mp3,https://nce.mleo.site/NCE4/01.Finding%20Fossil%20Man.lrc,https://85.mleo.site/NCE4/NCE4%281985%20British%20accent%29_01.mp3,https://85.mleo.site/NCE4/NCE4%281985%20British%20accent%29_01.lrc,,,,,胶学(胶囊助学计划/刘羽Leo)截至核验时未更新第四册视频课程
230,NCE4,2,02,02.Spare That Spider,Spare That Spider,https://nce.mleo.site/NCE4/02.Spare%20That%20Spider.mp3,https://nce.mleo.site/NCE4/02.Spare%20That%20Spider.lrc,https://85.mleo.site/NCE4/NCE4%281985%20British%20accent%29_02.mp3,https://85.mleo.site/NCE4/NCE4%281985%20British%20accent%29_02.lrc,,,,,胶学(胶囊助学计划/刘羽Leo)截至核验时未更新第四册视频课程
231,NCE4,3,03,03.Matterhorn Man,Matterhorn Man,https://nce.mleo.site/NCE4/03.Matterhorn%20Man.mp3,https://nce.mleo.site/NCE4/03.Matterhorn%20Man.lrc,https://85.mleo.site/NCE4/NCE4%281985%20British%20accent%29_03.mp3,https://85.mleo.site/NCE4/NCE4%281985%20British%20accent%29_03.lrc,,,,,胶学(胶囊助学计划/刘羽Leo)截至核验时未更新第四册视频课程
232,NCE4,4,04,04.Seeing Hands,Seeing Hands,https://nce.mleo.site/NCE4/04.Seeing%20Hands.mp3,https://nce.mleo.site/NCE4/04.Seeing%20Hands.lrc,https://85.mleo.site/NCE4/NCE4%281985%20British%20accent%29_04.mp3,https://85.mleo.site/NCE4/NCE4%281985%20British%20accent%29_04.lrc,,,,,胶学(胶囊助学计划/刘羽Leo)截至核验时未更新第四册视频课程
233,NCE4,5,05,05.Youth,Youth,https://nce.mleo.site/NCE4/05.Youth.mp3,https://nce.mleo.site/NCE4/05.Youth.lrc,https://85.mleo.site/NCE4/NCE4%281985%20British%20accent%29_05.mp3,https://85.mleo.site/NCE4/NCE4%281985%20British%20accent%29_05.lrc,,,,,胶学(胶囊助学计划/刘羽Leo)截至核验时未更新第四册视频课程
234,NCE4,6,06,06.The Sporting Spirit,The Sporting Spirit,https://nce.mleo.site/NCE4/06.The%20Sporting%20Spirit.mp3,https://nce.mleo.site/NCE4/06.The%20Sporting%20Spirit.lrc,https://85.mleo.site/NCE4/NCE4%281985%20British%20accent%29_06.mp3,https://85.mleo.site/NCE4/NCE4%281985%20British%20accent%29_06.lrc,,,,,胶学(胶囊助学计划/刘羽Leo)截至核验时未更新第四册视频课程
235,NCE4,7,07,07.Bats,Bats,https://nce.mleo.site/NCE4/07.Bats.mp3,https://nce.mleo.site/NCE4/07.Bats.lrc,https://85.mleo.site/NCE4/NCE4%281985%20British%20accent%29_07.mp3,https://85.mleo.site/NCE4/NCE4%281985%20British%20accent%29_07.lrc,,,,,胶学(胶囊助学计划/刘羽Leo)截至核验时未更新第四册视频课程
236,NCE4,8,08,08.Trading Standards,Trading Standards,https://nce.mleo.site/NCE4/08.Trading%20Standards.mp3,https://nce.mleo.site/NCE4/08.Trading%20Standards.lrc,https://85.mleo.site/NCE4/NCE4%281985%20British%20accent%29_08.mp3,https://85.mleo.site/NCE4/NCE4%281985%20British%20accent%29_08.lrc,,,,,胶学(胶囊助学计划/刘羽Leo)截至核验时未更新第四册视频课程
237,NCE4,9,09,09.Royal Espionage,Royal Espionage,https://nce.mleo.site/NCE4/09.Royal%20Espionage.mp3,https://nce.mleo.site/NCE4/09.Royal%20Espionage.lrc,https://85.mleo.site/NCE4/NCE4%281985%20British%20accent%29_09.mp3,https://85.mleo.site/NCE4/NCE4%281985%20British%20accent%29_09.lrc,,,,,胶学(胶囊助学计划/刘羽Leo)截至核验时未更新第四册视频课程
238,NCE4,10,10,10.Silicon Valley,Silicon Valley,https://nce.mleo.site/NCE4/10.Silicon%20Valley.mp3,https://nce.mleo.site/NCE4/10.Silicon%20Valley.lrc,https://85.mleo.site/NCE4/NCE4%281985%20British%20accent%29_10.mp3,https://85.mleo.site/NCE4/NCE4%281985%20British%20accent%29_10.lrc,,,,,胶学(胶囊助学计划/刘羽Leo)截至核验时未更新第四册视频课程
239,NCE4,11,11,11.How to Grow Old,How to Grow Old,https://nce.mleo.site/NCE4/11.How%20to%20Grow%20Old.mp3,https://nce.mleo.site/NCE4/11.How%20to%20Grow%20Old.lrc,https://85.mleo.site/NCE4/NCE4%281985%20British%20accent%29_11.mp3,https://85.mleo.site/NCE4/NCE4%281985%20British%20accent%29_11.lrc,,,,,胶学(胶囊助学计划/刘羽Leo)截至核验时未更新第四册视频课程
240,NCE4,12,12,12.Banks and Their Customers,Banks and Their Customers,https://nce.mleo.site/NCE4/12.Banks%20and%20Their%20Customers.mp3,https://nce.mleo.site/NCE4/12.Banks%20and%20Their%20Customers.lrc,https://85.mleo.site/NCE4/NCE4%281985%20British%20accent%29_12.mp3,https://85.mleo.site/NCE4/NCE4%281985%20British%20accent%29_12.lrc,,,,,胶学(胶囊助学计划/刘羽Leo)截至核验时未更新第四册视频课程
241,NCE4,13,13,13.The Search for Oil,The Search for Oil,https://nce.mleo.site/NCE4/13.The%20Search%20for%20Oil.mp3,https://nce.mleo.site/NCE4/13.The%20Search%20for%20Oil.lrc,https://85.mleo.site/NCE4/NCE4%281985%20British%20accent%29_13.mp3,https://85.mleo.site/NCE4/NCE4%281985%20British%20accent%29_13.lrc,,,,,胶学(胶囊助学计划/刘羽Leo)截至核验时未更新第四册视频课程
242,NCE4,14,14,14.The Butterfly Effect,The Butterfly Effect,https://nce.mleo.site/NCE4/14.The%20Butterfly%20Effect.mp3,https://nce.mleo.site/NCE4/14.The%20Butterfly%20Effect.lrc,https://85.mleo.site/NCE4/NCE4%281985%20British%20accent%29_14.mp3,https://85.mleo.site/NCE4/NCE4%281985%20British%20accent%29_14.lrc,,,,,胶学(胶囊助学计划/刘羽Leo)截至核验时未更新第四册视频课程
243,NCE4,15,15,15.Secrecy in Industry,Secrecy in Industry,https://nce.mleo.site/NCE4/15.Secrecy%20in%20Industry.mp3,https://nce.mleo.site/NCE4/15.Secrecy%20in%20Industry.lrc,https://85.mleo.site/NCE4/NCE4%281985%20British%20accent%29_15.mp3,https://85.mleo.site/NCE4/NCE4%281985%20British%20accent%29_15.lrc,,,,,胶学(胶囊助学计划/刘羽Leo)截至核验时未更新第四册视频课程
244,NCE4,16,16,16.The Modern City,The Modern City,https://nce.mleo.site/NCE4/16.The%20Modern%20City.mp3,https://nce.mleo.site/NCE4/16.The%20Modern%20City.lrc,https://85.mleo.site/NCE4/NCE4%281985%20British%20accent%29_16.mp3,https://85.mleo.site/NCE4/NCE4%281985%20British%20accent%29_16.lrc,,,,,胶学(胶囊助学计划/刘羽Leo)截至核验时未更新第四册视频课程
245,NCE4,17,17,17.A Man-made Disease,A Man-made Disease,https://nce.mleo.site/NCE4/17.A%20Man-made%20Disease.mp3,https://nce.mleo.site/NCE4/17.A%20Man-made%20Disease.lrc,https://85.mleo.site/NCE4/NCE4%281985%20British%20accent%29_17.mp3,https://85.mleo.site/NCE4/NCE4%281985%20British%20accent%29_17.lrc,,,,,胶学(胶囊助学计划/刘羽Leo)截至核验时未更新第四册视频课程
246,NCE4,18,18,18.Porpoises,Porpoises,https://nce.mleo.site/NCE4/18.Porpoises.mp3,https://nce.mleo.site/NCE4/18.Porpoises.lrc,https://85.mleo.site/NCE4/NCE4%281985%20British%20accent%29_18.mp3,https://85.mleo.site/NCE4/NCE4%281985%20British%20accent%29_18.lrc,,,,,胶学(胶囊助学计划/刘羽Leo)截至核验时未更新第四册视频课程
247,NCE4,19,19,19.The Stuff of Dreams,The Stuff of Dreams,https://nce.mleo.site/NCE4/19.The%20Stuff%20of%20Dreams.mp3,https://nce.mleo.site/NCE4/19.The%20Stuff%20of%20Dreams.lrc,https://85.mleo.site/NCE4/NCE4%281985%20British%20accent%29_19.mp3,https://85.mleo.site/NCE4/NCE4%281985%20British%20accent%29_19.lrc,,,,,胶学(胶囊助学计划/刘羽Leo)截至核验时未更新第四册视频课程
248,NCE4,20,20,20.Snake Poison,Snake Poison,https://nce.mleo.site/NCE4/20.Snake%20Poison.mp3,https://nce.mleo.site/NCE4/20.Snake%20Poison.lrc,https://85.mleo.site/NCE4/NCE4%281985%20British%20accent%29_20.mp3,https://85.mleo.site/NCE4/NCE4%281985%20British%20accent%29_20.lrc,,,,,胶学(胶囊助学计划/刘羽Leo)截至核验时未更新第四册视频课程
249,NCE4,21,21,21.William S. Hart and the Early Western Film,William S. Hart and the Early Western Film,https://nce.mleo.site/NCE4/21.William%20S.%20Hart%20and%20the%20Early%20Western%20Film.mp3,https://nce.mleo.site/NCE4/21.William%20S.%20Hart%20and%20the%20Early%20Western%20Film.lrc,https://85.mleo.site/NCE4/NCE4%281985%20British%20accent%29_21.mp3,https://85.mleo.site/NCE4/NCE4%281985%20British%20accent%29_21.lrc,,,,,胶学(胶囊助学计划/刘羽Leo)截至核验时未更新第四册视频课程
250,NCE4,22,22,22.Knowledge and Progress,Knowledge and Progress,https://nce.mleo.site/NCE4/22.Knowledge%20and%20Progress.mp3,https://nce.mleo.site/NCE4/22.Knowledge%20and%20Progress.lrc,https://85.mleo.site/NCE4/NCE4%281985%20British%20accent%29_22.mp3,https://85.mleo.site/NCE4/NCE4%281985%20British%20accent%29_22.lrc,,,,,胶学(胶囊助学计划/刘羽Leo)截至核验时未更新第四册视频课程
251,NCE4,23,23,23.Bird Flight,Bird Flight,https://nce.mleo.site/NCE4/23.Bird%20Flight.mp3,https://nce.mleo.site/NCE4/23.Bird%20Flight.lrc,https://85.mleo.site/NCE4/NCE4%281985%20British%20accent%29_23.mp3,https://85.mleo.site/NCE4/NCE4%281985%20British%20accent%29_23.lrc,,,,,胶学(胶囊助学计划/刘羽Leo)截至核验时未更新第四册视频课程
252,NCE4,24,24,24.Beauty,Beauty,https://nce.mleo.site/NCE4/24.Beauty.mp3,https://nce.mleo.site/NCE4/24.Beauty.lrc,https://85.mleo.site/NCE4/NCE4%281985%20British%20accent%29_24.mp3,https://85.mleo.site/NCE4/NCE4%281985%20British%20accent%29_24.lrc,,,,,胶学(胶囊助学计划/刘羽Leo)截至核验时未更新第四册视频课程
253,NCE4,25,25,25.Non-Auditory Effects of Noise,Non-Auditory Effects of Noise,https://nce.mleo.site/NCE4/25.Non-Auditory%20Effects%20of%20Noise.mp3,https://nce.mleo.site/NCE4/25.Non-Auditory%20Effects%20of%20Noise.lrc,https://85.mleo.site/NCE4/NCE4%281985%20British%20accent%29_25.mp3,https://85.mleo.site/NCE4/NCE4%281985%20British%20accent%29_25.lrc,,,,,胶学(胶囊助学计划/刘羽Leo)截至核验时未更新第四册视频课程
254,NCE4,26,26,26.The Past Life of the Earth,The Past Life of the Earth,https://nce.mleo.site/NCE4/26.The%20Past%20Life%20of%20the%20Earth.mp3,https://nce.mleo.site/NCE4/26.The%20Past%20Life%20of%20the%20Earth.lrc,https://85.mleo.site/NCE4/NCE4%281985%20British%20accent%29_26.mp3,https://85.mleo.site/NCE4/NCE4%281985%20British%20accent%29_26.lrc,,,,,胶学(胶囊助学计划/刘羽Leo)截至核验时未更新第四册视频课程
255,NCE4,27,27,27.The vasa,The vasa,https://nce.mleo.site/NCE4/27.The%20vasa.mp3,https://nce.mleo.site/NCE4/27.The%20vasa.lrc,https://85.mleo.site/NCE4/NCE4%281985%20British%20accent%29_27.mp3,https://85.mleo.site/NCE4/NCE4%281985%20British%20accent%29_27.lrc,,,,,胶学(胶囊助学计划/刘羽Leo)截至核验时未更新第四册视频课程
256,NCE4,28,28,28.Patients and Doctors,Patients and Doctors,https://nce.mleo.site/NCE4/28.Patients%20and%20Doctors.mp3,https://nce.mleo.site/NCE4/28.Patients%20and%20Doctors.lrc,https://85.mleo.site/NCE4/NCE4%281985%20British%20accent%29_28.mp3,https://85.mleo.site/NCE4/NCE4%281985%20British%20accent%29_28.lrc,,,,,胶学(胶囊助学计划/刘羽Leo)截至核验时未更新第四册视频课程
257,NCE4,29,29,29.The Hovercraft,The Hovercraft,https://nce.mleo.site/NCE4/29.The%20Hovercraft.mp3,https://nce.mleo.site/NCE4/29.The%20Hovercraft.lrc,https://85.mleo.site/NCE4/NCE4%281985%20British%20accent%29_29.mp3,https://85.mleo.site/NCE4/NCE4%281985%20British%20accent%29_29.lrc,,,,,胶学(胶囊助学计划/刘羽Leo)截至核验时未更新第四册视频课程
258,NCE4,30,30,30.Exploring the Sea-Floor,Exploring the Sea-Floor,https://nce.mleo.site/NCE4/30.Exploring%20the%20Sea-Floor.mp3,https://nce.mleo.site/NCE4/30.Exploring%20the%20Sea-Floor.lrc,https://85.mleo.site/NCE4/NCE4%281985%20British%20accent%29_30.mp3,https://85.mleo.site/NCE4/NCE4%281985%20British%20accent%29_30.lrc,,,,,胶学(胶囊助学计划/刘羽Leo)截至核验时未更新第四册视频课程
259,NCE4,31,31,31.The Sculptor Speaks,The Sculptor Speaks,https://nce.mleo.site/NCE4/31.The%20Sculptor%20Speaks.mp3,https://nce.mleo.site/NCE4/31.The%20Sculptor%20Speaks.lrc,https://85.mleo.site/NCE4/NCE4%281985%20British%20accent%29_31.mp3,https://85.mleo.site/NCE4/NCE4%281985%20British%20accent%29_31.lrc,,,,,胶学(胶囊助学计划/刘羽Leo)截至核验时未更新第四册视频课程
260,NCE4,32,32,32.Galileo Reborn,Galileo Reborn,https://nce.mleo.site/NCE4/32.Galileo%20Reborn.mp3,https://nce.mleo.site/NCE4/32.Galileo%20Reborn.lrc,https://85.mleo.site/NCE4/NCE4%281985%20British%20accent%29_32.mp3,https://85.mleo.site/NCE4/NCE4%281985%20British%20accent%29_32.lrc,,,,,胶学(胶囊助学计划/刘羽Leo)截至核验时未更新第四册视频课程
261,NCE4,33,33,33.Education,Education,https://nce.mleo.site/NCE4/33.Education.mp3,https://nce.mleo.site/NCE4/33.Education.lrc,https://85.mleo.site/NCE4/NCE4%281985%20British%20accent%29_33.mp3,https://85.mleo.site/NCE4/NCE4%281985%20British%20accent%29_33.lrc,,,,,胶学(胶囊助学计划/刘羽Leo)截至核验时未更新第四册视频课程
262,NCE4,34,34,34.Adolescence,Adolescence,https://nce.mleo.site/NCE4/34.Adolescence.mp3,https://nce.mleo.site/NCE4/34.Adolescence.lrc,https://85.mleo.site/NCE4/NCE4%281985%20British%20accent%29_34.mp3,https://85.mleo.site/NCE4/NCE4%281985%20British%20accent%29_34.lrc,,,,,胶学(胶囊助学计划/刘羽Leo)截至核验时未更新第四册视频课程
263,NCE4,35,35,35.Space Odyssey,Space Odyssey,https://nce.mleo.site/NCE4/35.Space%20Odyssey.mp3,https://nce.mleo.site/NCE4/35.Space%20Odyssey.lrc,https://85.mleo.site/NCE4/NCE4%281985%20British%20accent%29_35.mp3,https://85.mleo.site/NCE4/NCE4%281985%20British%20accent%29_35.lrc,,,,,胶学(胶囊助学计划/刘羽Leo)截至核验时未更新第四册视频课程
264,NCE4,36,36,36.The Cost of Government,The Cost of Government,https://nce.mleo.site/NCE4/36.The%20Cost%20of%20Government.mp3,https://nce.mleo.site/NCE4/36.The%20Cost%20of%20Government.lrc,https://85.mleo.site/NCE4/NCE4%281985%20British%20accent%29_36.mp3,https://85.mleo.site/NCE4/NCE4%281985%20British%20accent%29_36.lrc,,,,,胶学(胶囊助学计划/刘羽Leo)截至核验时未更新第四册视频课程
265,NCE4,37,37,37.The Process of Ageing,The Process of Ageing,https://nce.mleo.site/NCE4/37.The%20Process%20of%20Ageing.mp3,https://nce.mleo.site/NCE4/37.The%20Process%20of%20Ageing.lrc,https://85.mleo.site/NCE4/NCE4%281985%20British%20accent%29_37.mp3,https://85.mleo.site/NCE4/NCE4%281985%20British%20accent%29_37.lrc,,,,,胶学(胶囊助学计划/刘羽Leo)截至核验时未更新第四册视频课程
266,NCE4,38,38,38.Water and the Traveller,Water and the Traveller,https://nce.mleo.site/NCE4/38.Water%20and%20the%20Traveller.mp3,https://nce.mleo.site/NCE4/38.Water%20and%20the%20Traveller.lrc,https://85.mleo.site/NCE4/NCE4%281985%20British%20accent%29_38.mp3,https://85.mleo.site/NCE4/NCE4%281985%20British%20accent%29_38.lrc,,,,,胶学(胶囊助学计划/刘羽Leo)截至核验时未更新第四册视频课程
267,NCE4,39,39,39.What Every Writer Wants,What Every Writer Wants,https://nce.mleo.site/NCE4/39.What%20Every%20Writer%20Wants.mp3,https://nce.mleo.site/NCE4/39.What%20Every%20Writer%20Wants.lrc,https://85.mleo.site/NCE4/NCE4%281985%20British%20accent%29_39.mp3,https://85.mleo.site/NCE4/NCE4%281985%20British%20accent%29_39.lrc,,,,,胶学(胶囊助学计划/刘羽Leo)截至核验时未更新第四册视频课程
268,NCE4,40,40,40.Waves,Waves,https://nce.mleo.site/NCE4/40.Waves.mp3,https://nce.mleo.site/NCE4/40.Waves.lrc,https://85.mleo.site/NCE4/NCE4%281985%20British%20accent%29_40.mp3,https://85.mleo.site/NCE4/NCE4%281985%20British%20accent%29_40.lrc,,,,,胶学(胶囊助学计划/刘羽Leo)截至核验时未更新第四册视频课程
269,NCE4,41,41,41.Training Elephants,Training Elephants,https://nce.mleo.site/NCE4/41.Training%20Elephants.mp3,https://nce.mleo.site/NCE4/41.Training%20Elephants.lrc,https://85.mleo.site/NCE4/NCE4%281985%20British%20accent%29_41.mp3,https://85.mleo.site/NCE4/NCE4%281985%20British%20accent%29_41.lrc,,,,,胶学(胶囊助学计划/刘羽Leo)截至核验时未更新第四册视频课程
270,NCE4,42,42,42.Recording an Earthquake,Recording an Earthquake,https://nce.mleo.site/NCE4/42.Recording%20an%20Earthquake.mp3,https://nce.mleo.site/NCE4/42.Recording%20an%20Earthquake.lrc,https://85.mleo.site/NCE4/NCE4%281985%20British%20accent%29_42.mp3,https://85.mleo.site/NCE4/NCE4%281985%20British%20accent%29_42.lrc,,,,,胶学(胶囊助学计划/刘羽Leo)截至核验时未更新第四册视频课程
271,NCE4,43,43,43.Are There Strangers in Space,Are There Strangers in Space,https://nce.mleo.site/NCE4/43.Are%20There%20Strangers%20in%20Space.mp3,https://nce.mleo.site/NCE4/43.Are%20There%20Strangers%20in%20Space.lrc,https://85.mleo.site/NCE4/NCE4%281985%20British%20accent%29_43.mp3,https://85.mleo.site/NCE4/NCE4%281985%20British%20accent%29_43.lrc,,,,,胶学(胶囊助学计划/刘羽Leo)截至核验时未更新第四册视频课程
272,NCE4,44,44,44.Patterns of Culture,Patterns of Culture,https://nce.mleo.site/NCE4/44.Patterns%20of%20Culture.mp3,https://nce.mleo.site/NCE4/44.Patterns%20of%20Culture.lrc,https://85.mleo.site/NCE4/NCE4%281985%20British%20accent%29_44.mp3,https://85.mleo.site/NCE4/NCE4%281985%20British%20accent%29_44.lrc,,,,,胶学(胶囊助学计划/刘羽Leo)截至核验时未更新第四册视频课程
273,NCE4,45,45,45.Of Men and Galaxies,Of Men and Galaxies,https://nce.mleo.site/NCE4/45.Of%20Men%20and%20Galaxies.mp3,https://nce.mleo.site/NCE4/45.Of%20Men%20and%20Galaxies.lrc,https://85.mleo.site/NCE4/NCE4%281985%20British%20accent%29_45.mp3,https://85.mleo.site/NCE4/NCE4%281985%20British%20accent%29_45.lrc,,,,,胶学(胶囊助学计划/刘羽Leo)截至核验时未更新第四册视频课程
274,NCE4,46,46,46.Hobbies,Hobbies,https://nce.mleo.site/NCE4/46.Hobbies.mp3,https://nce.mleo.site/NCE4/46.Hobbies.lrc,https://85.mleo.site/NCE4/NCE4%281985%20British%20accent%29_46.mp3,https://85.mleo.site/NCE4/NCE4%281985%20British%20accent%29_46.lrc,,,,,胶学(胶囊助学计划/刘羽Leo)截至核验时未更新第四册视频课程
275,NCE4,47,47,47.The Great Escape,The Great Escape,https://nce.mleo.site/NCE4/47.The%20Great%20Escape.mp3,https://nce.mleo.site/NCE4/47.The%20Great%20Escape.lrc,https://85.mleo.site/NCE4/NCE4%281985%20British%20accent%29_47.mp3,https://85.mleo.site/NCE4/NCE4%281985%20British%20accent%29_47.lrc,,,,,胶学(胶囊助学计划/刘羽Leo)截至核验时未更新第四册视频课程
276,NCE4,48,48,48.Planning a Share Portfolio,Planning a Share Portfolio,https://nce.mleo.site/NCE4/48.Planning%20a%20Share%20Portfolio.mp3,https://nce.mleo.site/NCE4/48.Planning%20a%20Share%20Portfolio.lrc,https://85.mleo.site/NCE4/NCE4%281985%20British%20accent%29_48.mp3,https://85.mleo.site/NCE4/NCE4%281985%20British%20accent%29_48.lrc,,,,,胶学(胶囊助学计划/刘羽Leo)截至核验时未更新第四册视频课程
